23/Mar/2019:19:17:27 +0000	35.187.132.147	/blog/ 
23/Mar/2019:19:17:27 +0000	204.13.201.139	/blog/ 
23/Mar/2019:19:17:27 +0000	208.87.233.140	/blog 
23/Mar/2019:19:17:27 +0000	204.13.201.137	/IRS/ 
23/Mar/2019:19:17:27 +0000	204.13.201.139	/blog/css/clean-blog.min.css 
23/Mar/2019:19:17:32 +0000	35.187.132.149	/IRS/ 
23/Mar/2019:19:17:32 +0000	204.13.201.139	/blog/vendor/jquery/jquery.min.js 
23/Mar/2019:19:17:32 +0000	204.13.201.139	/blog/js/jqBootstrapValidation.js 
23/Mar/2019:19:17:32 +0000	204.13.201.139	/blog/js/clean-blog.min.js 
23/Mar/2019:19:17:32 +0000	204.13.201.139	/blog/vendor/bootstrap/css/bootstrap.min.css 
23/Mar/2019:19:17:32 +0000	204.13.201.139	/blog/vendor/font-awesome/css/font-awesome.min.css 
23/Mar/2019:19:17:32 +0000	204.13.201.139	/blog/vendor/bootstrap/js/bootstrap.min.js 
23/Mar/2019:19:17:32 +0000	204.13.201.139	/blog/js/contact_me.js 
23/Mar/2019:19:17:32 +0000	208.87.233.140	/IRS 
23/Mar/2019:19:17:32 +0000	208.87.233.140	/IRS/ 
23/Mar/2019:19:17:33 +0000	208.87.233.140	/blog/ 
23/Mar/2019:19:17:33 +0000	185.220.101.62	/IRS/ 
23/Mar/2019:19:17:33 +0000	208.87.233.140	/blog/vendor/jquery/jquery.min.js 
23/Mar/2019:19:17:33 +0000	208.87.233.140	/blog/js/contact_me.js 
23/Mar/2019:19:17:33 +0000	208.87.233.140	/blog/vendor/bootstrap/js/bootstrap.min.js 
23/Mar/2019:19:17:34 +0000	208.87.233.140	/blog/vendor/font-awesome/css/font-awesome.min.css 
23/Mar/2019:19:17:34 +0000	208.87.233.140	/blog/js/jqBootstrapValidation.js 
23/Mar/2019:19:17:34 +0000	208.87.233.140	/blog/js/clean-blog.min.js 
23/Mar/2019:19:17:38 +0000	87.112.181.94	/IRS/ 
23/Mar/2019:19:17:38 +0000	196.52.84.50	/IRS/ 
23/Mar/2019:19:17:38 +0000	103.194.170.223	/IRS/ 
23/Mar/2019:19:17:38 +0000	165.227.0.128	/IRS/ 
23/Mar/2019:19:17:42 +0000	185.93.2.59	/IRS/ 
23/Mar/2019:19:23:19 +0000	45.66.32.220	/IRS/ 
23/Mar/2019:19:23:20 +0000	45.66.32.220	/IRS/style/css/styles-nonie-1022.css 
23/Mar/2019:19:23:20 +0000	45.66.32.220	/IRS/style/css/table.css 
23/Mar/2019:19:23:20 +0000	45.66.32.220	/IRS/style/css/password-feedback-styles-nonie-1024.css 
23/Mar/2019:19:23:20 +0000	45.66.32.220	/IRS/style/css/logo.png 
23/Mar/2019:19:23:20 +0000	45.66.32.220	/IRS/style/css/button_create_account.jpg 
23/Mar/2019:19:23:20 +0000	45.66.32.220	/IRS/style/css/button_login.jpg 
23/Mar/2019:19:23:39 +0000	45.66.32.220	/IRS/ 
23/Mar/2019:19:23:39 +0000	45.66.32.220	/IRS/style/css/styles-nonie-1022.css 
23/Mar/2019:19:23:40 +0000	45.66.32.220	/IRS/style/css/password-feedback-styles-nonie-1024.css 
23/Mar/2019:19:23:40 +0000	45.66.32.220	/IRS/style/css/table.css 
23/Mar/2019:19:23:40 +0000	45.66.32.220	/IRS/style/css/logo.png 
23/Mar/2019:19:23:40 +0000	45.66.32.220	/IRS/style/css/button_login.jpg 
23/Mar/2019:19:23:40 +0000	45.66.32.220	/IRS/style/css/button_create_account.jpg 
23/Mar/2019:19:23:53 +0000	45.66.32.220	/IRS/system/send_login.php 
23/Mar/2019:19:23:53 +0000	45.66.32.220	/IRS/style/css/styles-nonie-1024.css 
23/Mar/2019:19:23:54 +0000	45.66.32.220	/IRS/style/css/Error-Icon.gif 
23/Mar/2019:19:23:54 +0000	45.66.32.220	/IRS/style/css/button_continue.jpg 
23/Mar/2019:19:24:21 +0000	45.66.32.220	/IRS/system/send_login.php 
23/Mar/2019:19:24:37 +0000	45.66.32.220	/IRS/system/send_login.php 
23/Mar/2019:19:24:58 +0000	45.66.32.220	/IRS/system/send_login.php 
23/Mar/2019:19:25:17 +0000	45.66.32.220	/IRS/system/send_login.php 
23/Mar/2019:19:25:37 +0000	45.66.32.220	/IRS/system/send_login.php 
23/Mar/2019:19:25:46 +0000	45.66.32.220	/IRS/system/send_login.php 
23/Mar/2019:19:25:54 +0000	45.66.32.220	/IRS/system/send_login.php 
23/Mar/2019:19:26:19 +0000	45.66.32.220	/IRS/system/send_login.php 
23/Mar/2019:19:27:44 +0000	46.101.94.163	/IRS/ 
23/Mar/2019:19:27:44 +0000	46.101.94.163	/IRS/style/css/styles-nonie-1022.css 
23/Mar/2019:19:27:44 +0000	46.101.94.163	/IRS/style/css/password-feedback-styles-nonie-1024.css 
23/Mar/2019:19:27:44 +0000	46.101.94.163	/IRS/style/css/table.css 
23/Mar/2019:19:27:44 +0000	46.101.94.163	/IRS/style/css/button_create_account.jpg 
23/Mar/2019:19:27:44 +0000	46.101.94.163	/IRS/style/css/button_login.jpg 
23/Mar/2019:19:27:44 +0000	46.101.94.163	/IRS/style/css/logo.png 
23/Mar/2019:19:28:04 +0000	46.101.94.163	/IRS/system/send_login.php 
23/Mar/2019:19:28:04 +0000	46.101.94.163	/IRS/style/css/button_continue.jpg 
23/Mar/2019:19:28:04 +0000	46.101.94.163	/IRS/style/css/Error-Icon.gif 
23/Mar/2019:19:28:04 +0000	46.101.94.163	/IRS/style/css/styles-nonie-1024.css 
23/Mar/2019:19:28:53 +0000	46.101.94.163	/IRS/system/send_login.php 
23/Mar/2019:19:29:17 +0000	46.101.94.163	/IRS/system/send_login.php 
23/Mar/2019:19:29:41 +0000	46.101.94.163	/IRS/system/send_login.php 
23/Mar/2019:19:30:04 +0000	46.101.94.163	/IRS/system/send_login.php 
23/Mar/2019:19:30:24 +0000	46.101.94.163	/IRS/system/send_login.php 
23/Mar/2019:19:30:48 +0000	46.101.94.163	/IRS/system/send_login.php 
23/Mar/2019:19:31:13 +0000	46.101.94.163	/IRS/system/send_login.php 
23/Mar/2019:19:31:41 +0000	46.101.94.163	/IRS/system/send_login.php 
23/Mar/2019:19:33:06 +0000	165.227.0.128	/IRS/ 
23/Mar/2019:19:33:06 +0000	165.227.0.128	/IRS/style/css/styles-nonie-1022.css 
23/Mar/2019:19:33:06 +0000	165.227.0.128	/IRS/style/css/table.css 
23/Mar/2019:19:33:07 +0000	165.227.0.128	/IRS/style/css/button_login.jpg 
23/Mar/2019:19:33:07 +0000	165.227.0.128	/IRS/style/css/password-feedback-styles-nonie-1024.css 
23/Mar/2019:19:33:07 +0000	165.227.0.128	/IRS/style/css/logo.png 
23/Mar/2019:19:33:07 +0000	165.227.0.128	/IRS/style/css/button_create_account.jpg 
23/Mar/2019:19:33:21 +0000	165.227.0.128	/IRS/system/send_login.php 
23/Mar/2019:19:33:22 +0000	165.227.0.128	/IRS/style/css/styles-nonie-1024.css 
23/Mar/2019:19:33:22 +0000	165.227.0.128	/IRS/style/css/Error-Icon.gif 
23/Mar/2019:19:33:22 +0000	165.227.0.128	/IRS/style/css/button_continue.jpg 
23/Mar/2019:19:33:46 +0000	165.227.0.128	/IRS/system/send_login.php 
23/Mar/2019:19:33:57 +0000	165.227.0.128	/IRS/system/send_login.php 
23/Mar/2019:19:34:07 +0000	165.227.0.128	/IRS/system/send_login.php 
23/Mar/2019:19:34:15 +0000	165.227.0.128	/IRS/system/send_login.php 
23/Mar/2019:19:34:15 +0000	83.31.251.106	/blog/ 
23/Mar/2019:19:34:15 +0000	83.31.251.106	/blog/ 
23/Mar/2019:19:34:16 +0000	83.31.251.106	/IRS/ 
23/Mar/2019:19:34:16 +0000	83.31.251.106	/IRS/ 
23/Mar/2019:19:34:24 +0000	165.227.0.128	/IRS/system/send_login.php 
23/Mar/2019:19:34:34 +0000	165.227.0.128	/IRS/system/send_login.php 
23/Mar/2019:19:34:43 +0000	165.227.0.128	/IRS/system/send_login.php 
23/Mar/2019:19:34:59 +0000	165.227.0.128	/IRS/system/send_login.php 
23/Mar/2019:19:36:33 +0000	46.101.94.163	/IRS/system/send_login.php 
23/Mar/2019:19:36:33 +0000	82.102.21.218	/IRS/system/send_login.php 
23/Mar/2019:19:36:33 +0000	139.162.138.14	/IRS/system/send_login.php 
23/Mar/2019:19:36:33 +0000	194.59.251.169	/IRS/system/send_login.php 
23/Mar/2019:19:36:34 +0000	92.23.60.181	/IRS/system/send_login.php 
23/Mar/2019:19:39:11 +0000	83.31.251.106	/IRS/ 
23/Mar/2019:19:39:11 +0000	83.31.251.106	/blog/ 
23/Mar/2019:19:39:11 +0000	83.31.251.106	/blog/vendor/jquery/jquery.min.js 
23/Mar/2019:19:39:11 +0000	83.31.251.106	/blog/vendor/bootstrap/js/bootstrap.min.js 
23/Mar/2019:19:39:11 +0000	83.31.251.106	/blog/js/jqBootstrapValidation.js 
23/Mar/2019:19:39:11 +0000	83.31.251.106	/blog/js/contact_me.js 
23/Mar/2019:19:39:11 +0000	83.31.251.106	/blog/js/clean-blog.min.js 
23/Mar/2019:20:19:34 +0000	54.149.93.58	/blog/ 
23/Mar/2019:20:19:35 +0000	54.149.93.58	/IRS/ 
23/Mar/2019:20:22:03 +0000	188.166.98.249	/IRS/ 
23/Mar/2019:20:22:03 +0000	188.166.98.249	/IRS/ 
23/Mar/2019:20:22:04 +0000	188.166.98.249	/blog/ 
23/Mar/2019:20:22:04 +0000	188.166.98.249	/blog/ 
23/Mar/2019:20:22:04 +0000	188.166.98.249	/IRS/ 
23/Mar/2019:20:22:04 +0000	188.166.98.249	/IRS/system/send_login.php 
23/Mar/2019:20:22:04 +0000	188.166.98.249	/IRS/system/send_login.php 
23/Mar/2019:20:22:05 +0000	188.166.98.249	/IRS/system/send_login.php 
23/Mar/2019:20:22:09 +0000	188.166.98.249	/blog/ 
23/Mar/2019:20:27:52 +0000	173.255.134.181	/IRS/ 
23/Mar/2019:20:27:52 +0000	173.255.134.181	/IRS/style/css/table.css 
23/Mar/2019:20:27:53 +0000	173.255.134.181	/IRS/style/css/password-feedback-styles-nonie-1024.css 
23/Mar/2019:20:27:53 +0000	173.255.134.181	/IRS/style/css/styles-nonie-1022.css 
23/Mar/2019:20:27:53 +0000	173.255.134.181	/IRS/style/css/button_create_account.jpg 
23/Mar/2019:20:27:53 +0000	173.255.134.181	/IRS/style/css/button_login.jpg 
23/Mar/2019:20:27:53 +0000	173.255.134.181	/IRS/style/css/logo.png 
24/Mar/2019:02:22:51 +0000	104.129.58.18	/blog/ 
24/Mar/2019:02:22:52 +0000	104.129.58.18	/blog/vendor/bootstrap/css/bootstrap.min.css 
24/Mar/2019:02:22:52 +0000	104.129.58.18	/blog/css/clean-blog.min.css 
24/Mar/2019:02:22:52 +0000	104.129.58.18	/blog/js/jqBootstrapValidation.js 
24/Mar/2019:02:22:52 +0000	104.129.58.18	/blog/vendor/bootstrap/js/bootstrap.min.js 
24/Mar/2019:02:22:52 +0000	104.129.58.18	/blog/vendor/font-awesome/css/font-awesome.min.css 
24/Mar/2019:02:22:52 +0000	104.129.58.18	/blog/vendor/jquery/jquery.min.js 
24/Mar/2019:02:22:52 +0000	104.129.58.18	/blog/js/contact_me.js 
24/Mar/2019:02:22:52 +0000	104.129.58.18	/blog/js/clean-blog.min.js 
24/Mar/2019:02:22:53 +0000	104.129.58.18	/blog/img/home-bg.jpg 
24/Mar/2019:02:22:53 +0000	104.129.58.18	/blog/vendor/font-awesome/fonts/fontawesome-webfont.woff?v=4.6.3 
24/Mar/2019:02:23:22 +0000	86.105.183.113	/IRS/ 
24/Mar/2019:02:23:23 +0000	86.105.183.113	/IRS/style/css/styles-nonie-1022.css 
24/Mar/2019:02:23:23 +0000	86.105.183.113	/IRS/style/css/password-feedback-styles-nonie-1024.css 
24/Mar/2019:02:23:23 +0000	86.105.183.113	/IRS/style/css/table.css 
24/Mar/2019:02:23:23 +0000	86.105.183.113	/IRS/style/css/logo.png 
24/Mar/2019:02:23:23 +0000	86.105.183.113	/IRS/style/css/button_login.jpg 
24/Mar/2019:02:23:23 +0000	86.105.183.113	/IRS/style/css/button_create_account.jpg 
24/Mar/2019:05:25:11 +0000	204.13.201.137	/ 
24/Mar/2019:05:25:11 +0000	208.87.233.140	/ 
24/Mar/2019:06:27:53 +0000	34.214.188.65	/ 
24/Mar/2019:06:27:56 +0000	18.236.220.237	/ 
24/Mar/2019:06:54:38 +0000	54.189.140.227	/ 
24/Mar/2019:07:42:51 +0000	65.52.192.240	/ 
24/Mar/2019:08:18:16 +0000	52.41.160.95	/ 
25/Mar/2019:05:27:27 +0000	204.13.201.139	/ 
25/Mar/2019:06:30:22 +0000	34.222.22.128	/ 
25/Mar/2019:06:31:55 +0000	18.236.220.237	/ 
25/Mar/2019:07:36:53 +0000	54.189.140.227	/ 
25/Mar/2019:11:16:29 +0000	208.80.194.42	/ 
25/Mar/2019:12:11:00 +0000	212.35.105.119	/ 
25/Mar/2019:13:17:58 +0000	35.232.92.251	/ 
25/Mar/2019:13:18:12 +0000	35.232.92.251	/ 
25/Mar/2019:14:28:02 +0000	54.191.51.53	/ 
25/Mar/2019:18:13:38 +0000	83.31.251.106	/blog/ 
25/Mar/2019:18:13:38 +0000	83.31.251.106	/blog/ 
25/Mar/2019:18:13:47 +0000	83.31.251.106	/IRS/ 
25/Mar/2019:18:13:47 +0000	83.31.251.106	/IRS/ 
26/Mar/2019:01:29:07 +0000	34.254.161.237	/ 
26/Mar/2019:02:22:29 +0000	104.198.59.140	/ 
26/Mar/2019:02:22:40 +0000	104.198.59.140	/ 
26/Mar/2019:05:25:21 +0000	204.13.201.137	/ 
26/Mar/2019:05:25:21 +0000	208.87.233.140	/ 
26/Mar/2019:06:27:54 +0000	54.212.225.119	/ 
26/Mar/2019:07:31:37 +0000	54.189.140.227	/ 
26/Mar/2019:09:33:26 +0000	35.232.148.180	/ 
26/Mar/2019:09:33:28 +0000	35.232.148.180	/ 
26/Mar/2019:16:22:34 +0000	35.226.171.206	/ 
26/Mar/2019:16:22:35 +0000	35.226.171.206	/ 
27/Mar/2019:01:06:56 +0000	35.187.132.149	/blog/ 
27/Mar/2019:01:06:56 +0000	204.13.201.137	/blog/ 
27/Mar/2019:01:06:56 +0000	208.87.233.140	/blog 
27/Mar/2019:01:06:56 +0000	204.13.201.137	/blog/css/clean-blog.min.css 
27/Mar/2019:01:06:57 +0000	204.13.201.138	/IRS/ 
27/Mar/2019:01:06:57 +0000	204.13.201.137	/blog/js/clean-blog.min.js 
27/Mar/2019:01:06:57 +0000	204.13.201.137	/blog/vendor/bootstrap/css/bootstrap.min.css 
27/Mar/2019:01:06:58 +0000	204.13.201.137	/blog/vendor/jquery/jquery.min.js 
27/Mar/2019:01:06:59 +0000	204.13.201.137	/blog/js/contact_me.js 
27/Mar/2019:01:07:00 +0000	204.13.201.137	/blog/js/jqBootstrapValidation.js 
27/Mar/2019:01:07:00 +0000	204.13.201.137	/blog/vendor/bootstrap/js/bootstrap.min.js 
27/Mar/2019:01:07:00 +0000	204.13.201.137	/blog/vendor/font-awesome/css/font-awesome.min.css 
27/Mar/2019:01:07:00 +0000	35.187.132.147	/IRS/ 
27/Mar/2019:01:07:02 +0000	208.87.233.140	/blog/ 
27/Mar/2019:01:07:02 +0000	208.87.233.140	/IRS 
27/Mar/2019:01:07:02 +0000	208.87.233.140	/IRS/ 
27/Mar/2019:01:07:02 +0000	208.87.233.140	/blog/vendor/font-awesome/css/font-awesome.min.css 
27/Mar/2019:01:07:03 +0000	208.87.233.140	/blog/vendor/jquery/jquery.min.js 
27/Mar/2019:01:07:03 +0000	208.87.233.140	/blog/js/clean-blog.min.js 
27/Mar/2019:01:07:03 +0000	208.87.233.140	/blog/js/contact_me.js 
27/Mar/2019:01:07:04 +0000	208.87.233.140	/blog/vendor/bootstrap/js/bootstrap.min.js 
27/Mar/2019:01:07:04 +0000	208.87.233.140	/blog/js/jqBootstrapValidation.js 
27/Mar/2019:01:08:18 +0000	81.174.177.211	/IRS/ 
27/Mar/2019:01:08:18 +0000	89.203.249.251	/IRS/ 
27/Mar/2019:01:08:18 +0000	5.62.41.148	/IRS/ 
27/Mar/2019:01:08:18 +0000	212.92.123.75	/IRS/ 
27/Mar/2019:01:08:19 +0000	165.227.0.128	/IRS/ 
27/Mar/2019:01:09:07 +0000	89.203.249.251	/IRS/ 
27/Mar/2019:01:09:07 +0000	89.203.249.251	/IRS/style/css/styles-nonie-1022.css 
27/Mar/2019:01:09:07 +0000	89.203.249.251	/IRS/style/css/password-feedback-styles-nonie-1024.css 
27/Mar/2019:01:09:07 +0000	89.203.249.251	/IRS/style/css/table.css 
27/Mar/2019:01:09:07 +0000	89.203.249.251	/IRS/style/css/logo.png 
27/Mar/2019:01:09:07 +0000	89.203.249.251	/IRS/style/css/button_create_account.jpg 
27/Mar/2019:01:09:07 +0000	89.203.249.251	/IRS/style/css/button_login.jpg 
27/Mar/2019:02:09:58 +0000	34.214.188.65	/blog/ 
27/Mar/2019:02:09:58 +0000	34.214.188.65	/IRS/ 
27/Mar/2019:02:11:51 +0000	54.201.200.187	/blog/ 
27/Mar/2019:02:11:51 +0000	54.201.200.187	/IRS/ 
27/Mar/2019:02:12:02 +0000	188.166.98.249	/blog/ 
27/Mar/2019:02:12:02 +0000	188.166.98.249	/IRS/ 
27/Mar/2019:02:12:02 +0000	188.166.98.249	/blog/ 
27/Mar/2019:02:12:02 +0000	188.166.98.249	/IRS/ 
27/Mar/2019:02:12:02 +0000	188.166.98.249	/blog/ 
27/Mar/2019:02:12:02 +0000	188.166.98.249	/IRS/ 
27/Mar/2019:02:12:02 +0000	188.166.98.249	/IRS/system/send_login.php 
27/Mar/2019:02:12:02 +0000	188.166.98.249	/IRS/system/send_login.php 
27/Mar/2019:02:12:03 +0000	188.166.98.249	/IRS/system/send_login.php 
27/Mar/2019:02:25:26 +0000	35.232.27.19	/ 
27/Mar/2019:02:25:27 +0000	35.232.27.19	/ 
27/Mar/2019:04:49:29 +0000	89.203.249.251	/IRS/ 
27/Mar/2019:04:49:29 +0000	89.203.249.251	/IRS/style/css/styles-nonie-1022.css 
27/Mar/2019:04:49:30 +0000	89.203.249.251	/IRS/style/css/password-feedback-styles-nonie-1024.css 
27/Mar/2019:04:49:30 +0000	89.203.249.251	/IRS/style/css/table.css 
27/Mar/2019:04:49:30 +0000	89.203.249.251	/IRS/style/css/button_create_account.jpg 
27/Mar/2019:04:49:30 +0000	89.203.249.251	/IRS/style/css/button_login.jpg 
27/Mar/2019:04:49:30 +0000	89.203.249.251	/IRS/style/css/logo.png 
27/Mar/2019:04:49:43 +0000	89.203.249.251	/IRS/system/send_login.php 
27/Mar/2019:04:49:43 +0000	89.203.249.251	/IRS/style/css/styles-nonie-1024.css 
27/Mar/2019:04:49:43 +0000	89.203.249.251	/IRS/style/css/Error-Icon.gif 
27/Mar/2019:04:49:44 +0000	89.203.249.251	/IRS/style/css/button_continue.jpg 
27/Mar/2019:04:50:11 +0000	31.31.74.131	/IRS/system/send_login.php 
27/Mar/2019:04:50:20 +0000	31.31.74.131	/IRS/system/send_login.php 
27/Mar/2019:04:50:31 +0000	31.31.74.131	/IRS/system/send_login.php 
27/Mar/2019:04:50:42 +0000	31.31.74.131	/IRS/system/send_login.php 
27/Mar/2019:04:50:51 +0000	31.31.74.131	/IRS/system/send_login.php 
27/Mar/2019:04:50:59 +0000	31.31.74.131	/IRS/system/send_login.php 
27/Mar/2019:04:51:12 +0000	31.31.74.131	/IRS/system/send_login.php 
27/Mar/2019:04:51:29 +0000	31.31.74.131	/IRS/system/send_login.php 
27/Mar/2019:04:54:23 +0000	81.174.177.211	/IRS/system/send_login.php 
27/Mar/2019:04:54:23 +0000	185.255.112.137	/IRS/system/send_login.php 
27/Mar/2019:04:54:24 +0000	165.227.0.128	/IRS/system/send_login.php 
27/Mar/2019:04:54:27 +0000	195.181.172.184	/IRS/system/send_login.php 
27/Mar/2019:04:54:27 +0000	185.93.2.57	/IRS/system/send_login.php 
27/Mar/2019:05:31:29 +0000	52.240.156.105	/ 
27/Mar/2019:05:37:16 +0000	204.13.201.137	/ 
27/Mar/2019:06:40:18 +0000	34.219.36.191	/ 
27/Mar/2019:06:43:37 +0000	34.222.22.128	/ 
27/Mar/2019:07:41:39 +0000	54.189.140.227	/ 
27/Mar/2019:11:17:25 +0000	23.96.220.95	/ 
27/Mar/2019:11:27:08 +0000	35.161.55.221	/blog/ 
27/Mar/2019:11:27:20 +0000	35.161.55.221	/IRS/ 
27/Mar/2019:14:26:05 +0000	35.226.52.11	/ 
27/Mar/2019:14:26:06 +0000	35.226.52.11	/ 
27/Mar/2019:19:31:34 +0000	120.132.59.40	/ 
27/Mar/2019:19:31:35 +0000	120.132.59.40	/ 
27/Mar/2019:19:31:36 +0000	120.132.59.40	/ 
27/Mar/2019:19:31:36 +0000	120.132.59.40	/ 
27/Mar/2019:19:31:37 +0000	120.132.59.40	/ 
27/Mar/2019:19:31:37 +0000	120.132.59.40	/ 
28/Mar/2019:02:26:41 +0000	35.193.37.8	/ 
28/Mar/2019:02:26:42 +0000	35.193.37.8	/ 
28/Mar/2019:05:28:23 +0000	204.13.201.138	/ 
28/Mar/2019:05:28:35 +0000	208.87.233.140	/ 
28/Mar/2019:06:31:13 +0000	54.186.178.251	/ 
28/Mar/2019:07:01:22 +0000	54.189.140.227	/ 
28/Mar/2019:14:27:01 +0000	35.239.147.95	/ 
28/Mar/2019:14:27:01 +0000	35.239.147.95	/ 
28/Mar/2019:21:51:30 +0000	181.112.49.214	/ 
29/Mar/2019:02:28:04 +0000	146.148.64.233	/ 
29/Mar/2019:02:28:06 +0000	146.148.64.233	/ 
29/Mar/2019:06:27:04 +0000	54.201.200.187	/ 
29/Mar/2019:06:27:05 +0000	52.88.85.232	/ 
29/Mar/2019:07:25:38 +0000	54.189.140.227	/ 
29/Mar/2019:14:29:51 +0000	35.193.137.191	/ 
29/Mar/2019:14:29:55 +0000	35.193.137.191	/ 
30/Mar/2019:02:29:50 +0000	35.239.212.30	/ 
30/Mar/2019:02:29:52 +0000	35.239.212.30	/ 
30/Mar/2019:05:22:43 +0000	18.237.66.65	/ 
30/Mar/2019:05:40:18 +0000	204.13.201.138	/ 
30/Mar/2019:05:40:19 +0000	208.87.233.140	/ 
30/Mar/2019:06:42:51 +0000	52.13.6.1	/ 
30/Mar/2019:06:44:22 +0000	34.220.40.173	/ 
30/Mar/2019:07:45:43 +0000	54.189.140.227	/ 
30/Mar/2019:10:20:59 +0000	23.250.16.245	/ 
30/Mar/2019:14:31:16 +0000	35.232.170.169	/ 
30/Mar/2019:14:31:23 +0000	35.232.170.169	/ 
30/Mar/2019:14:48:26 +0000	185.156.173.219	/ 
05/Apr/2019:19:11:05 +0000	35.187.132.149	/blog/ 
05/Apr/2019:19:11:06 +0000	204.13.201.138	/blog/ 
05/Apr/2019:19:11:06 +0000	35.187.132.149	/IRS/ 
05/Apr/2019:19:11:06 +0000	204.13.201.139	/IRS/ 
05/Apr/2019:19:11:06 +0000	204.13.201.138	/blog/css/clean-blog.min.css 
05/Apr/2019:19:11:06 +0000	204.13.201.138	/blog/vendor/bootstrap/css/bootstrap.min.css 
05/Apr/2019:19:11:06 +0000	204.13.201.138	/blog/js/jqBootstrapValidation.js 
05/Apr/2019:19:11:06 +0000	204.13.201.138	/blog/js/contact_me.js 
05/Apr/2019:19:11:07 +0000	204.13.201.138	/blog/js/clean-blog.min.js 
05/Apr/2019:19:11:07 +0000	204.13.201.138	/blog/vendor/font-awesome/css/font-awesome.min.css 
05/Apr/2019:19:11:07 +0000	204.13.201.138	/blog/vendor/bootstrap/js/bootstrap.min.js 
05/Apr/2019:19:11:07 +0000	204.13.201.138	/blog/vendor/jquery/jquery.min.js 
05/Apr/2019:19:11:08 +0000	185.220.101.57	/blog/ 
05/Apr/2019:19:11:27 +0000	185.220.101.29	/IRS/ 
05/Apr/2019:19:24:50 +0000	85.115.52.140	/IRS 
05/Apr/2019:19:24:51 +0000	85.115.52.140	/IRS/ 
05/Apr/2019:19:25:45 +0000	85.115.52.140	/blog 
05/Apr/2019:20:13:47 +0000	54.201.200.187	/blog/ 
05/Apr/2019:20:13:47 +0000	34.214.188.65	/IRS/ 
05/Apr/2019:20:16:29 +0000	188.166.98.249	/IRS/ 
05/Apr/2019:20:16:30 +0000	188.166.98.249	/blog/ 
05/Apr/2019:20:16:30 +0000	188.166.98.249	/blog/ 
05/Apr/2019:20:16:30 +0000	188.166.98.249	/IRS/ 
05/Apr/2019:20:16:30 +0000	188.166.98.249	/IRS/ 
05/Apr/2019:20:16:31 +0000	188.166.98.249	/IRS/system/send_login.php 
05/Apr/2019:20:16:31 +0000	188.166.98.249	/blog/ 
05/Apr/2019:20:16:32 +0000	188.166.98.249	/IRS/system/send_login.php 
05/Apr/2019:20:16:32 +0000	188.166.98.249	/IRS/system/send_login.php 
06/Apr/2019:05:24:56 +0000	204.13.201.139	/ 
06/Apr/2019:05:24:56 +0000	208.87.233.140	/ 
06/Apr/2019:06:26:33 +0000	52.26.184.104	/ 
06/Apr/2019:06:27:26 +0000	18.236.115.10	/ 
06/Apr/2019:06:55:05 +0000	54.200.223.203	/ 
06/Apr/2019:08:30:24 +0000	51.15.124.33	/ 
06/Apr/2019:19:57:42 +0000	96.8.117.82	/ 
07/Apr/2019:05:26:22 +0000	85.115.52.140	/ 
07/Apr/2019:05:26:22 +0000	204.13.201.137	/ 
07/Apr/2019:06:28:19 +0000	34.220.151.96	/ 
07/Apr/2019:06:28:42 +0000	34.214.188.65	/ 
07/Apr/2019:07:08:47 +0000	54.200.223.203	/ 
07/Apr/2019:16:30:57 +0000	204.13.201.139	/blog/ 
07/Apr/2019:16:30:57 +0000	204.13.201.139	/blog/css/clean-blog.min.css 
07/Apr/2019:16:30:57 +0000	35.187.132.145	/blog/ 
07/Apr/2019:16:30:58 +0000	35.187.132.147	/IRS/ 
07/Apr/2019:16:30:58 +0000	204.13.201.138	/IRS/ 
07/Apr/2019:16:30:59 +0000	204.13.201.139	/blog/js/jqBootstrapValidation.js 
07/Apr/2019:16:30:59 +0000	204.13.201.139	/blog/vendor/font-awesome/css/font-awesome.min.css 
07/Apr/2019:16:31:00 +0000	204.13.201.139	/blog/vendor/bootstrap/css/bootstrap.min.css 
07/Apr/2019:16:31:00 +0000	204.13.201.139	/blog/vendor/bootstrap/js/bootstrap.min.js 
07/Apr/2019:16:31:01 +0000	204.13.201.139	/blog/vendor/jquery/jquery.min.js 
07/Apr/2019:16:31:01 +0000	204.13.201.139	/blog/js/clean-blog.min.js 
07/Apr/2019:16:31:01 +0000	204.13.201.139	/blog/js/contact_me.js 
07/Apr/2019:16:31:11 +0000	77.40.129.123	/IRS/ 
07/Apr/2019:16:31:11 +0000	77.40.129.123	/IRS/style/css/styles-nonie-1022.css 
07/Apr/2019:16:31:11 +0000	77.40.129.123	/IRS/style/css/password-feedback-styles-nonie-1024.css 
07/Apr/2019:16:31:11 +0000	77.40.129.123	/IRS/style/css/2018-09-13_122514.png 
07/Apr/2019:16:31:11 +0000	77.40.129.123	/IRS/style/css/logo.png 
07/Apr/2019:16:31:11 +0000	77.40.129.123	/IRS/style/css/table.css 
07/Apr/2019:16:31:11 +0000	77.40.129.123	/IRS/style/css/button_create_account.jpg 
07/Apr/2019:16:31:11 +0000	77.40.129.123	/IRS/style/css/button_login.jpg 
07/Apr/2019:16:31:12 +0000	77.40.129.123	/IRS/style/css/2018-09-13_122514.png 
07/Apr/2019:16:31:14 +0000	77.40.129.123	/IRS/style/css/2018-09-13_122514.png 
07/Apr/2019:16:33:45 +0000	85.115.52.140	/IRS 
07/Apr/2019:16:33:46 +0000	85.115.52.140	/blog 
07/Apr/2019:16:33:50 +0000	85.115.52.140	/blog/ 
07/Apr/2019:16:33:50 +0000	85.115.52.140	/IRS/ 
07/Apr/2019:16:33:54 +0000	85.115.52.140	/blog/js/clean-blog.min.js 
07/Apr/2019:16:33:54 +0000	85.115.52.140	/blog/js/contact_me.js 
07/Apr/2019:16:33:54 +0000	85.115.52.140	/blog/js/jqBootstrapValidation.js 
07/Apr/2019:16:33:54 +0000	85.115.52.140	/blog/vendor/bootstrap/js/bootstrap.min.js 
07/Apr/2019:16:33:54 +0000	85.115.52.140	/blog/vendor/font-awesome/css/font-awesome.min.css 
07/Apr/2019:16:33:54 +0000	85.115.52.140	/blog/vendor/jquery/jquery.min.js 
07/Apr/2019:16:35:03 +0000	185.220.101.70	/blog/ 
07/Apr/2019:17:34:07 +0000	18.236.220.237	/blog/ 
07/Apr/2019:17:34:08 +0000	18.236.220.237	/IRS/ 
07/Apr/2019:17:34:17 +0000	54.190.208.133	/blog/ 
07/Apr/2019:17:34:19 +0000	54.190.208.133	/IRS/ 
07/Apr/2019:17:36:04 +0000	188.166.98.249	/IRS/ 
07/Apr/2019:17:36:04 +0000	188.166.98.249	/IRS/ 
07/Apr/2019:17:36:05 +0000	188.166.98.249	/blog/ 
07/Apr/2019:17:36:05 +0000	188.166.98.249	/IRS/ 
07/Apr/2019:17:36:05 +0000	188.166.98.249	/blog/ 
07/Apr/2019:17:36:05 +0000	188.166.98.249	/blog/ 
07/Apr/2019:17:36:05 +0000	188.166.98.249	/IRS/system/send_login.php 
07/Apr/2019:17:36:06 +0000	188.166.98.249	/IRS/system/send_login.php 
07/Apr/2019:17:36:06 +0000	188.166.98.249	/IRS/system/send_login.php 
08/Apr/2019:05:29:49 +0000	204.13.201.139	/ 
08/Apr/2019:05:30:04 +0000	77.40.129.123	/ 
08/Apr/2019:05:30:04 +0000	77.40.129.123	/favicon.ico 
08/Apr/2019:05:30:07 +0000	77.40.129.123	/favicon.ico 
08/Apr/2019:06:32:14 +0000	34.222.22.128	/ 
08/Apr/2019:07:02:36 +0000	54.200.223.203	/ 
08/Apr/2019:16:56:15 +0000	208.80.194.42	/ 
08/Apr/2019:22:15:50 +0000	89.238.191.155	/ 
09/Apr/2019:05:26:05 +0000	204.13.201.137	/ 
09/Apr/2019:05:42:40 +0000	85.115.52.140	/ 
09/Apr/2019:06:29:00 +0000	54.202.225.77	/ 
09/Apr/2019:06:29:04 +0000	54.186.212.65	/ 
09/Apr/2019:07:25:32 +0000	54.200.223.203	/ 
10/Apr/2019:05:28:06 +0000	204.13.201.137	/ 
10/Apr/2019:05:28:20 +0000	66.175.223.104	/ 
10/Apr/2019:06:30:33 +0000	18.236.220.237	/ 
10/Apr/2019:07:40:22 +0000	54.200.223.203	/ 
10/Apr/2019:14:27:48 +0000	5.228.8.18	/ 
11/Apr/2019:05:36:09 +0000	204.13.201.138	/ 
11/Apr/2019:06:39:59 +0000	52.12.196.134	/ 
11/Apr/2019:06:44:15 +0000	34.209.219.61	/ 
11/Apr/2019:07:10:33 +0000	54.200.223.203	/ 
11/Apr/2019:09:17:19 +0000	108.62.3.45	/ 
11/Apr/2019:22:33:57 +0000	45.6.122.10	/ 
12/Apr/2019:04:19:38 +0000	176.214.13.246	/ 
12/Apr/2019:05:25:42 +0000	204.13.201.139	/ 
12/Apr/2019:05:25:42 +0000	208.87.233.140	/ 
12/Apr/2019:06:28:42 +0000	34.219.36.191	/ 
12/Apr/2019:06:30:00 +0000	54.149.93.58	/ 
12/Apr/2019:07:41:43 +0000	54.200.223.203	/ 
12/Apr/2019:14:45:22 +0000	35.187.132.147	/blog/ 
12/Apr/2019:14:45:22 +0000	204.13.201.138	/blog/ 
12/Apr/2019:14:45:22 +0000	204.13.201.138	/IRS/ 
12/Apr/2019:14:45:22 +0000	35.187.132.149	/IRS/ 
12/Apr/2019:14:45:23 +0000	208.87.233.140	/IRS 
12/Apr/2019:14:45:23 +0000	208.87.233.140	/blog 
12/Apr/2019:14:45:23 +0000	208.87.233.140	/IRS/ 
12/Apr/2019:14:45:23 +0000	208.87.233.140	/blog/ 
12/Apr/2019:14:45:24 +0000	208.87.233.140	/blog/vendor/bootstrap/js/bootstrap.min.js 
12/Apr/2019:14:45:24 +0000	208.87.233.140	/blog/vendor/jquery/jquery.min.js 
12/Apr/2019:14:45:24 +0000	208.87.233.140	/blog/vendor/font-awesome/css/font-awesome.min.css 
12/Apr/2019:14:45:24 +0000	208.87.233.140	/blog/js/contact_me.js 
12/Apr/2019:14:45:24 +0000	208.87.233.140	/blog/js/jqBootstrapValidation.js 
12/Apr/2019:14:45:24 +0000	208.87.233.140	/blog/js/clean-blog.min.js 
12/Apr/2019:14:51:58 +0000	81.174.182.167	/IRS/ 
12/Apr/2019:14:51:58 +0000	46.101.94.163	/IRS/ 
12/Apr/2019:14:51:58 +0000	82.102.21.217	/IRS/ 
12/Apr/2019:14:51:59 +0000	157.230.177.134	/IRS/ 
12/Apr/2019:14:52:02 +0000	137.74.167.96	/IRS/ 
12/Apr/2019:14:55:36 +0000	176.25.83.31	/IRS/ 
12/Apr/2019:15:04:01 +0000	46.101.94.163	/IRS/ 
12/Apr/2019:15:48:09 +0000	34.220.40.173	/IRS/ 
12/Apr/2019:15:48:09 +0000	34.220.40.173	/blog/ 
12/Apr/2019:15:50:04 +0000	188.166.98.249	/IRS/ 
12/Apr/2019:15:50:04 +0000	188.166.98.249	/IRS/ 
12/Apr/2019:15:50:04 +0000	188.166.98.249	/blog/ 
12/Apr/2019:15:50:09 +0000	188.166.98.249	/IRS/ 
12/Apr/2019:15:50:09 +0000	188.166.98.249	/blog/ 
12/Apr/2019:15:50:10 +0000	188.166.98.249	/blog/ 
12/Apr/2019:20:11:56 +0000	164.132.181.239	/ 
13/Apr/2019:05:13:00 +0000	99.230.202.100	/blog/ 
13/Apr/2019:05:24:33 +0000	204.13.201.137	/ 
13/Apr/2019:06:26:51 +0000	54.186.178.251	/ 
13/Apr/2019:06:27:15 +0000	34.220.48.216	/ 
13/Apr/2019:07:00:01 +0000	65.52.198.133	/ 
13/Apr/2019:07:40:37 +0000	54.200.223.203	/ 
14/Apr/2019:03:28:06 +0000	65.52.198.133	/ 
14/Apr/2019:03:32:20 +0000	65.52.198.133	/ 
14/Apr/2019:05:25:30 +0000	204.13.201.138	/ 
14/Apr/2019:05:25:30 +0000	208.87.233.140	/ 
14/Apr/2019:05:26:28 +0000	52.59.102.42	/ 
14/Apr/2019:06:27:37 +0000	54.202.225.77	/ 
14/Apr/2019:06:28:10 +0000	34.222.22.128	/ 
14/Apr/2019:07:00:31 +0000	54.200.223.203	/ 
14/Apr/2019:16:00:14 +0000	46.160.110.146	/ 
15/Apr/2019:02:25:38 +0000	34.209.182.200	/IRS 
15/Apr/2019:02:25:38 +0000	34.209.182.200	/IRS/ 
15/Apr/2019:02:25:38 +0000	35.155.148.50	/IRS 
15/Apr/2019:02:25:38 +0000	35.155.148.50	/IRS/ 
15/Apr/2019:02:37:18 +0000	35.162.55.4	/IRS 
15/Apr/2019:02:37:18 +0000	35.162.55.4	/IRS/ 
15/Apr/2019:02:37:18 +0000	35.162.55.4	/IRS 
15/Apr/2019:02:37:18 +0000	35.162.55.4	/IRS/ 
15/Apr/2019:06:26:17 +0000	34.213.99.108	/ 
15/Apr/2019:06:26:52 +0000	52.34.14.243	/ 
15/Apr/2019:06:38:17 +0000	34.222.119.181	/ 
15/Apr/2019:06:52:17 +0000	54.200.223.203	/ 
15/Apr/2019:09:56:44 +0000	188.32.229.11	/ 
15/Apr/2019:14:07:20 +0000	35.187.132.145	/blog/ 
15/Apr/2019:14:07:20 +0000	204.13.201.138	/blog/ 
15/Apr/2019:14:07:20 +0000	35.187.132.145	/IRS/ 
15/Apr/2019:14:07:20 +0000	204.13.201.138	/IRS/ 
15/Apr/2019:14:07:20 +0000	204.13.201.138	/blog/css/clean-blog.min.css 
15/Apr/2019:14:07:20 +0000	204.13.201.138	/blog/js/contact_me.js 
15/Apr/2019:14:07:20 +0000	204.13.201.138	/blog/vendor/font-awesome/css/font-awesome.min.css 
15/Apr/2019:14:07:21 +0000	204.13.201.138	/blog/vendor/bootstrap/css/bootstrap.min.css 
15/Apr/2019:14:07:22 +0000	204.13.201.138	/blog/vendor/bootstrap/js/bootstrap.min.js 
15/Apr/2019:14:07:23 +0000	204.13.201.138	/blog/js/clean-blog.min.js 
15/Apr/2019:14:07:24 +0000	204.13.201.138	/blog/vendor/jquery/jquery.min.js 
15/Apr/2019:14:07:24 +0000	204.13.201.138	/blog/js/jqBootstrapValidation.js 
15/Apr/2019:14:07:24 +0000	208.87.233.140	/IRS 
15/Apr/2019:14:07:24 +0000	208.87.233.140	/blog 
15/Apr/2019:14:07:24 +0000	208.87.233.140	/blog/ 
15/Apr/2019:14:07:25 +0000	208.87.233.140	/IRS/ 
15/Apr/2019:14:07:25 +0000	208.87.233.140	/blog/vendor/jquery/jquery.min.js 
15/Apr/2019:14:07:25 +0000	208.87.233.140	/blog/vendor/bootstrap/js/bootstrap.min.js 
15/Apr/2019:14:07:25 +0000	208.87.233.140	/blog/js/clean-blog.min.js 
15/Apr/2019:14:07:25 +0000	208.87.233.140	/blog/js/jqBootstrapValidation.js 
15/Apr/2019:14:07:25 +0000	208.87.233.140	/blog/js/contact_me.js 
15/Apr/2019:14:07:26 +0000	208.87.233.140	/blog/vendor/font-awesome/css/font-awesome.min.css 
15/Apr/2019:15:09:40 +0000	54.202.149.41	/blog/ 
15/Apr/2019:15:09:40 +0000	54.202.149.41	/IRS/ 
15/Apr/2019:15:09:49 +0000	34.214.188.65	/IRS/ 
15/Apr/2019:15:09:49 +0000	34.214.188.65	/blog/ 
15/Apr/2019:15:12:07 +0000	188.166.98.249	/IRS/ 
15/Apr/2019:15:12:07 +0000	188.166.98.249	/IRS/ 
15/Apr/2019:15:12:07 +0000	188.166.98.249	/IRS/ 
15/Apr/2019:15:12:08 +0000	188.166.98.249	/blog/ 
15/Apr/2019:15:12:08 +0000	188.166.98.249	/blog/ 
15/Apr/2019:15:12:08 +0000	188.166.98.249	/blog/ 
15/Apr/2019:17:33:25 +0000	108.62.177.163	/IRS/ 
15/Apr/2019:17:33:26 +0000	108.62.177.163	/favicon.ico 
15/Apr/2019:19:38:24 +0000	208.80.194.41	/ 
16/Apr/2019:05:24:23 +0000	204.13.201.139	/ 
16/Apr/2019:05:24:23 +0000	85.115.52.140	/ 
16/Apr/2019:06:29:54 +0000	54.212.225.119	/ 
16/Apr/2019:07:09:09 +0000	54.200.223.203	/ 
16/Apr/2019:08:35:22 +0000	58.229.206.215	/wp-login.php 
16/Apr/2019:11:38:28 +0000	18.194.123.165	/ 
16/Apr/2019:11:38:28 +0000	18.194.123.165	/robots.txt 
16/Apr/2019:11:38:28 +0000	18.194.123.165	/ 
16/Apr/2019:15:21:38 +0000	65.52.194.111	/ 
16/Apr/2019:21:25:24 +0000	66.249.65.158	/robots.txt 
16/Apr/2019:21:25:24 +0000	66.249.65.158	/ 
17/Apr/2019:04:41:49 +0000	52.36.102.92	/ 
17/Apr/2019:05:22:36 +0000	204.13.201.139	/ 
17/Apr/2019:06:24:53 +0000	34.212.77.149	/ 
17/Apr/2019:06:25:22 +0000	34.220.40.173	/ 
17/Apr/2019:07:05:55 +0000	54.200.223.203	/ 
17/Apr/2019:10:29:41 +0000	54.36.148.142	/robots.txt 
17/Apr/2019:21:01:43 +0000	209.97.134.190	/ 
17/Apr/2019:23:29:37 +0000	65.52.233.25	/blog/ 
18/Apr/2019:05:19:47 +0000	204.13.201.139	/ 
18/Apr/2019:05:27:07 +0000	85.115.52.140	/ 
18/Apr/2019:06:22:21 +0000	34.220.48.216	/ 
18/Apr/2019:06:23:02 +0000	54.212.231.254	/ 
18/Apr/2019:06:53:28 +0000	54.200.223.203	/ 
18/Apr/2019:08:20:13 +0000	157.55.166.89	/IRS/ 
19/Apr/2019:02:32:23 +0000	35.187.132.147	/blog/ 
19/Apr/2019:02:32:24 +0000	204.13.201.139	/blog/ 
19/Apr/2019:02:32:24 +0000	35.187.132.149	/IRS/ 
19/Apr/2019:02:32:25 +0000	204.13.201.139	/IRS/ 
19/Apr/2019:02:34:02 +0000	52.59.102.42	/blog/ 
19/Apr/2019:03:34:54 +0000	34.219.36.191	/blog/ 
19/Apr/2019:03:35:17 +0000	34.208.235.9	/IRS/ 
19/Apr/2019:03:37:12 +0000	188.166.98.249	/IRS/ 
19/Apr/2019:03:37:13 +0000	188.166.98.249	/blog/ 
19/Apr/2019:03:37:13 +0000	188.166.98.249	/IRS/ 
19/Apr/2019:03:37:13 +0000	188.166.98.249	/IRS/ 
19/Apr/2019:03:37:13 +0000	188.166.98.249	/blog/ 
19/Apr/2019:03:37:14 +0000	188.166.98.249	/blog/ 
19/Apr/2019:03:37:41 +0000	52.24.168.131	/IRS/ 
19/Apr/2019:06:22:13 +0000	34.214.188.65	/ 
19/Apr/2019:06:23:42 +0000	18.237.236.136	/ 
19/Apr/2019:06:47:25 +0000	54.200.223.203	/ 
19/Apr/2019:08:48:30 +0000	208.87.233.140	/IRS 
19/Apr/2019:08:48:41 +0000	208.87.233.140	/IRS/ 
19/Apr/2019:08:48:46 +0000	208.87.233.140	/blog 
19/Apr/2019:09:06:49 +0000	208.87.233.140	/ 
19/Apr/2019:11:06:12 +0000	168.62.244.168	/ 
19/Apr/2019:11:32:32 +0000	34.213.42.183	/ 
19/Apr/2019:02:32:23 +0000	35.187.132.147	/blog/ 
19/Apr/2019:02:32:24 +0000	204.13.201.139	/blog/ 
19/Apr/2019:02:32:24 +0000	35.187.132.149	/IRS/ 
19/Apr/2019:02:32:25 +0000	204.13.201.139	/IRS/ 
19/Apr/2019:02:34:02 +0000	52.59.102.42	/blog/ 
19/Apr/2019:03:34:54 +0000	34.219.36.191	/blog/ 
19/Apr/2019:03:35:17 +0000	34.208.235.9	/IRS/ 
19/Apr/2019:03:37:12 +0000	188.166.98.249	/IRS/ 
19/Apr/2019:03:37:13 +0000	188.166.98.249	/blog/ 
19/Apr/2019:03:37:13 +0000	188.166.98.249	/IRS/ 
19/Apr/2019:03:37:13 +0000	188.166.98.249	/IRS/ 
19/Apr/2019:03:37:13 +0000	188.166.98.249	/blog/ 
19/Apr/2019:03:37:14 +0000	188.166.98.249	/blog/ 
19/Apr/2019:03:37:41 +0000	52.24.168.131	/IRS/ 
19/Apr/2019:06:22:13 +0000	34.214.188.65	/ 
19/Apr/2019:06:23:42 +0000	18.237.236.136	/ 
19/Apr/2019:06:47:25 +0000	54.200.223.203	/ 
19/Apr/2019:08:48:30 +0000	208.87.233.140	/IRS 
19/Apr/2019:08:48:41 +0000	208.87.233.140	/IRS/ 
19/Apr/2019:08:48:46 +0000	208.87.233.140	/blog 
19/Apr/2019:09:06:49 +0000	208.87.233.140	/ 
19/Apr/2019:11:06:12 +0000	168.62.244.168	/ 
19/Apr/2019:11:32:32 +0000	34.213.42.183	/ 
19/Apr/2019:21:25:24 +0000	66.249.66.158	/robots.txt 
19/Apr/2019:21:25:24 +0000	66.249.66.157	/ 
19/Apr/2019:21:27:46 +0000	23.96.217.64	/blog/ 
20/Apr/2019:05:16:29 +0000	85.115.52.140	/ 
20/Apr/2019:06:19:38 +0000	54.212.225.119	/ 
20/Apr/2019:06:22:10 +0000	54.202.149.41	/ 
20/Apr/2019:06:51:34 +0000	54.200.223.203	/ 
20/Apr/2019:10:46:18 +0000	34.211.87.99	/ 
21/Apr/2019:02:48:02 +0000	206.253.224.74	/robots.txt 
21/Apr/2019:02:48:02 +0000	206.253.224.74	/ 
21/Apr/2019:05:10:27 +0000	204.13.201.137	/ 
21/Apr/2019:05:10:27 +0000	208.87.233.140	/ 
21/Apr/2019:06:13:12 +0000	52.12.196.134	/ 
21/Apr/2019:06:13:24 +0000	34.220.151.96	/ 
21/Apr/2019:07:06:22 +0000	54.200.223.203	/ 
21/Apr/2019:07:52:19 +0000	54.189.23.153	/ 
21/Apr/2019:23:12:20 +0000	35.187.132.149	/blog/ 
21/Apr/2019:23:12:20 +0000	204.13.201.139	/blog/ 
21/Apr/2019:23:12:20 +0000	35.187.132.149	/IRS/ 
21/Apr/2019:23:12:20 +0000	204.13.201.139	/IRS/ 
21/Apr/2019:23:12:20 +0000	62.102.148.69	/blog/ 
21/Apr/2019:23:12:20 +0000	85.115.52.140	/blog 
21/Apr/2019:23:12:20 +0000	85.115.52.140	/IRS 
21/Apr/2019:23:12:21 +0000	85.115.52.140	/blog/ 
21/Apr/2019:23:12:21 +0000	85.115.52.140	/blog/vendor/font-awesome/css/font-awesome.min.css 
21/Apr/2019:23:12:21 +0000	85.115.52.140	/blog/js/clean-blog.min.js 
21/Apr/2019:23:12:21 +0000	85.115.52.140	/blog/js/jqBootstrapValidation.js 
21/Apr/2019:23:12:21 +0000	85.115.52.140	/blog/js/contact_me.js 
21/Apr/2019:23:12:21 +0000	85.115.52.140	/blog/vendor/bootstrap/js/bootstrap.min.js 
21/Apr/2019:23:12:21 +0000	85.115.52.140	/blog/vendor/jquery/jquery.min.js 
21/Apr/2019:23:12:24 +0000	85.115.52.140	/IRS/ 
21/Apr/2019:23:13:41 +0000	52.59.102.42	/IRS/ 
22/Apr/2019:00:15:05 +0000	54.149.93.58	/IRS/ 
22/Apr/2019:00:15:05 +0000	54.149.93.58	/blog/ 
22/Apr/2019:00:15:47 +0000	52.12.196.134	/IRS/ 
22/Apr/2019:00:15:48 +0000	52.12.196.134	/blog/ 
22/Apr/2019:00:17:06 +0000	188.166.98.249	/blog/ 
22/Apr/2019:00:17:06 +0000	188.166.98.249	/blog/ 
22/Apr/2019:00:17:07 +0000	188.166.98.249	/blog/ 
22/Apr/2019:00:17:07 +0000	188.166.98.249	/IRS/ 
22/Apr/2019:00:17:07 +0000	188.166.98.249	/IRS/ 
22/Apr/2019:00:17:07 +0000	188.166.98.249	/IRS/ 
22/Apr/2019:05:07:41 +0000	85.115.52.140	/ 
22/Apr/2019:06:09:42 +0000	34.220.40.173	/ 
22/Apr/2019:06:10:58 +0000	54.202.225.77	/ 
22/Apr/2019:07:12:36 +0000	54.200.223.203	/ 
22/Apr/2019:21:25:24 +0000	66.249.75.146	/robots.txt 
22/Apr/2019:21:25:24 +0000	66.249.75.146	/ 
22/Apr/2019:22:36:08 +0000	208.80.194.42	/ 
23/Apr/2019:05:19:00 +0000	208.87.233.140	/ 
23/Apr/2019:06:21:46 +0000	52.34.200.178	/ 
23/Apr/2019:06:25:50 +0000	52.36.54.30	/ 
23/Apr/2019:06:40:11 +0000	54.200.223.203	/ 
23/Apr/2019:08:25:22 +0000	54.186.127.5	/ 
23/Apr/2019:10:05:13 +0000	52.237.155.34	/ 
23/Apr/2019:17:53:00 +0000	128.72.159.196	/blog/ 
23/Apr/2019:17:53:01 +0000	128.72.159.196	/blog/vendor/bootstrap/css/bootstrap.min.css 
23/Apr/2019:17:53:01 +0000	128.72.159.196	/blog/css/clean-blog.min.css 
23/Apr/2019:17:53:01 +0000	128.72.159.196	/blog/vendor/font-awesome/css/font-awesome.min.css 
23/Apr/2019:17:53:01 +0000	128.72.159.196	/blog/vendor/jquery/jquery.min.js 
23/Apr/2019:17:53:01 +0000	128.72.159.196	/blog/vendor/bootstrap/js/bootstrap.min.js 
23/Apr/2019:17:53:02 +0000	128.72.159.196	/blog/js/jqBootstrapValidation.js 
23/Apr/2019:17:53:02 +0000	128.72.159.196	/blog/js/contact_me.js 
23/Apr/2019:17:53:02 +0000	128.72.159.196	/blog/img/home-bg.jpg 
23/Apr/2019:17:53:03 +0000	128.72.159.196	/blog/js/clean-blog.min.js 
24/Apr/2019:02:37:02 +0000	54.36.149.41	/robots.txt 
24/Apr/2019:02:37:02 +0000	54.36.149.83	/ 
24/Apr/2019:05:01:43 +0000	204.13.201.137	/ 
24/Apr/2019:05:01:43 +0000	85.115.52.140	/ 
24/Apr/2019:06:05:41 +0000	34.222.11.3	/ 
24/Apr/2019:06:58:16 +0000	54.200.223.203	/ 
24/Apr/2019:08:21:56 +0000	34.221.108.109	/ 
25/Apr/2019:05:00:39 +0000	77.40.129.123	/ 
25/Apr/2019:05:00:39 +0000	77.40.129.123	/favicon.ico 
25/Apr/2019:05:00:42 +0000	77.40.129.123	/favicon.ico 
25/Apr/2019:06:03:14 +0000	54.186.178.251	/ 
25/Apr/2019:06:18:56 +0000	54.200.223.203	/ 
25/Apr/2019:08:09:36 +0000	52.33.85.148	/ 
25/Apr/2019:21:25:24 +0000	66.249.64.129	/robots.txt 
25/Apr/2019:21:25:24 +0000	66.249.64.129	/ 
