23/Mar/2019:19:17:31 +0000	35.187.132.51	/blog/ 
23/Mar/2019:19:17:31 +0000	204.13.201.137	/blog/ 
23/Mar/2019:19:17:31 +0000	208.87.233.140	/blog 
23/Mar/2019:19:17:31 +0000	35.187.132.49	/IRS/ 
23/Mar/2019:19:17:31 +0000	204.13.201.139	/IRS/ 
23/Mar/2019:19:17:31 +0000	208.87.233.140	/IRS 
23/Mar/2019:19:17:32 +0000	208.87.233.140	/blog/ 
23/Mar/2019:19:17:32 +0000	208.87.233.140	/IRS/ 
23/Mar/2019:19:17:32 +0000	208.87.233.140	/blog/vendor/jquery/jquery.min.js 
23/Mar/2019:19:17:33 +0000	208.87.233.140	/blog/js/jqBootstrapValidation.js 
23/Mar/2019:19:17:34 +0000	208.87.233.140	/blog/vendor/bootstrap/js/bootstrap.min.js 
23/Mar/2019:19:17:34 +0000	208.87.233.140	/blog/js/contact_me.js 
23/Mar/2019:19:17:35 +0000	208.87.233.140	/blog/js/clean-blog.min.js 
23/Mar/2019:19:17:36 +0000	208.87.233.140	/blog/vendor/font-awesome/css/font-awesome.min.css 
23/Mar/2019:19:29:30 +0000	83.31.251.106	/IRS/ 
23/Mar/2019:19:29:30 +0000	83.31.251.106	/IRS/ 
23/Mar/2019:19:29:36 +0000	83.31.251.106	/blog/ 
23/Mar/2019:19:29:36 +0000	83.31.251.106	/blog/ 
23/Mar/2019:19:29:42 +0000	83.31.251.106	/IRS/ 
23/Mar/2019:19:29:50 +0000	83.31.251.106	/blog/ 
23/Mar/2019:19:29:50 +0000	83.31.251.106	/blog/vendor/jquery/jquery.min.js 
23/Mar/2019:19:29:50 +0000	83.31.251.106	/blog/js/jqBootstrapValidation.js 
23/Mar/2019:19:29:50 +0000	83.31.251.106	/blog/js/contact_me.js 
23/Mar/2019:19:29:50 +0000	83.31.251.106	/blog/js/clean-blog.min.js 
23/Mar/2019:19:29:50 +0000	83.31.251.106	/blog/vendor/bootstrap/js/bootstrap.min.js 
23/Mar/2019:20:19:34 +0000	18.236.220.237	/IRS/ 
23/Mar/2019:20:19:34 +0000	18.236.220.237	/blog/ 
23/Mar/2019:20:20:44 +0000	52.12.196.134	/blog/ 
23/Mar/2019:20:20:44 +0000	52.12.196.134	/IRS/ 
23/Mar/2019:20:22:04 +0000	188.166.98.249	/blog/ 
23/Mar/2019:20:22:04 +0000	188.166.98.249	/IRS/ 
23/Mar/2019:20:22:09 +0000	188.166.98.249	/blog/ 
23/Mar/2019:20:22:09 +0000	188.166.98.249	/IRS/ 
23/Mar/2019:20:22:09 +0000	188.166.98.249	/IRS/ 
23/Mar/2019:20:22:09 +0000	188.166.98.249	/blog/ 
23/Mar/2019:20:22:09 +0000	188.166.98.249	/IRS/system/send_login.php 
23/Mar/2019:20:22:09 +0000	188.166.98.249	/IRS/system/send_login.php 
23/Mar/2019:20:22:09 +0000	188.166.98.249	/IRS/system/send_login.php 
23/Mar/2019:20:27:46 +0000	173.255.134.181	/blog/ 
23/Mar/2019:20:27:46 +0000	173.255.134.181	/blog/vendor/bootstrap/css/bootstrap.min.css 
23/Mar/2019:20:27:46 +0000	173.255.134.181	/blog/vendor/font-awesome/css/font-awesome.min.css 
23/Mar/2019:20:27:46 +0000	173.255.134.181	/blog/js/contact_me.js 
23/Mar/2019:20:27:46 +0000	173.255.134.181	/blog/js/jqBootstrapValidation.js 
23/Mar/2019:20:27:46 +0000	173.255.134.181	/blog/vendor/bootstrap/js/bootstrap.min.js 
23/Mar/2019:20:27:46 +0000	173.255.134.181	/blog/js/clean-blog.min.js 
23/Mar/2019:20:27:46 +0000	173.255.134.181	/blog/css/clean-blog.min.css 
23/Mar/2019:20:27:46 +0000	173.255.134.181	/blog/vendor/jquery/jquery.min.js 
23/Mar/2019:20:27:47 +0000	173.255.134.181	/blog/img/home-bg.jpg 
23/Mar/2019:20:27:47 +0000	173.255.134.181	/blog/vendor/font-awesome/fonts/fontawesome-webfont.woff2?v=4.6.3 
24/Mar/2019:02:23:31 +0000	193.228.56.16	/IRS/ 
24/Mar/2019:02:23:31 +0000	193.228.56.16	/IRS/style/css/styles-nonie-1022.css 
24/Mar/2019:02:23:31 +0000	193.228.56.16	/IRS/style/css/password-feedback-styles-nonie-1024.css 
24/Mar/2019:02:23:31 +0000	193.228.56.16	/IRS/style/css/table.css 
24/Mar/2019:02:23:31 +0000	193.228.56.16	/IRS/style/css/logo.png 
24/Mar/2019:02:23:31 +0000	193.228.56.16	/IRS/style/css/button_create_account.jpg 
24/Mar/2019:02:23:31 +0000	193.228.56.16	/IRS/style/css/button_login.jpg 
24/Mar/2019:02:23:39 +0000	209.99.129.31	/blog/ 
24/Mar/2019:02:23:39 +0000	209.99.129.31	/blog/vendor/bootstrap/css/bootstrap.min.css 
24/Mar/2019:02:23:39 +0000	209.99.129.31	/blog/vendor/jquery/jquery.min.js 
24/Mar/2019:02:23:39 +0000	209.99.129.31	/blog/js/contact_me.js 
24/Mar/2019:02:23:39 +0000	209.99.129.31	/blog/js/clean-blog.min.js 
24/Mar/2019:02:23:39 +0000	209.99.129.31	/blog/css/clean-blog.min.css 
24/Mar/2019:02:23:39 +0000	209.99.129.31	/blog/js/jqBootstrapValidation.js 
24/Mar/2019:02:23:39 +0000	209.99.129.31	/blog/vendor/bootstrap/js/bootstrap.min.js 
24/Mar/2019:02:23:39 +0000	209.99.129.31	/blog/vendor/font-awesome/css/font-awesome.min.css 
24/Mar/2019:02:23:39 +0000	209.99.129.31	/blog/img/home-bg.jpg 
24/Mar/2019:02:23:39 +0000	209.99.129.31	/blog/vendor/font-awesome/fonts/fontawesome-webfont.woff?v=4.6.3 
24/Mar/2019:04:43:27 +0000	204.13.201.138	/ 
24/Mar/2019:04:43:27 +0000	208.87.233.140	/ 
24/Mar/2019:05:46:21 +0000	54.202.225.77	/ 
24/Mar/2019:05:46:23 +0000	54.212.225.119	/ 
24/Mar/2019:07:27:55 +0000	54.189.140.227	/ 
24/Mar/2019:08:37:44 +0000	35.165.168.251	/ 
24/Mar/2019:14:19:41 +0000	34.209.245.30	/ 
25/Mar/2019:04:21:46 +0000	18.237.46.198	/ 
25/Mar/2019:04:45:23 +0000	204.13.201.138	/ 
25/Mar/2019:04:45:25 +0000	208.87.233.140	/ 
25/Mar/2019:05:48:03 +0000	54.212.225.119	/ 
25/Mar/2019:07:01:40 +0000	54.189.140.227	/ 
25/Mar/2019:11:23:48 +0000	208.80.194.41	/ 
25/Mar/2019:13:37:16 +0000	212.35.105.119	/ 
25/Mar/2019:18:14:13 +0000	83.31.251.106	/IRS/ 
25/Mar/2019:18:14:13 +0000	83.31.251.106	/IRS/ 
25/Mar/2019:18:14:25 +0000	83.31.251.106	/blog/ 
25/Mar/2019:18:14:25 +0000	83.31.251.106	/blog/ 
26/Mar/2019:01:15:54 +0000	34.254.161.237	/ 
26/Mar/2019:01:43:28 +0000	52.240.156.105	/blog/ 
26/Mar/2019:03:18:49 +0000	52.40.23.175	/ 
26/Mar/2019:04:43:37 +0000	204.13.201.139	/ 
26/Mar/2019:05:46:15 +0000	54.186.178.251	/ 
26/Mar/2019:07:11:21 +0000	54.189.140.227	/ 
27/Mar/2019:01:07:01 +0000	35.187.132.53	/blog/ 
27/Mar/2019:01:07:01 +0000	208.87.233.140	/blog 
27/Mar/2019:01:07:01 +0000	204.13.201.139	/blog/ 
27/Mar/2019:01:07:01 +0000	204.13.201.138	/IRS/ 
27/Mar/2019:01:07:02 +0000	35.187.132.51	/IRS/ 
27/Mar/2019:01:07:03 +0000	103.194.170.223	/blog/ 
27/Mar/2019:01:07:03 +0000	208.87.233.140	/blog/ 
27/Mar/2019:01:07:04 +0000	208.87.233.140	/IRS 
27/Mar/2019:01:07:04 +0000	208.87.233.140	/IRS/ 
27/Mar/2019:01:07:06 +0000	208.87.233.140	/blog/vendor/jquery/jquery.min.js 
27/Mar/2019:01:07:06 +0000	208.87.233.140	/blog/vendor/font-awesome/css/font-awesome.min.css 
27/Mar/2019:01:07:06 +0000	208.87.233.140	/blog/js/jqBootstrapValidation.js 
27/Mar/2019:01:07:07 +0000	208.87.233.140	/blog/vendor/bootstrap/js/bootstrap.min.js 
27/Mar/2019:01:07:07 +0000	208.87.233.140	/blog/js/contact_me.js 
27/Mar/2019:01:07:07 +0000	208.87.233.140	/blog/js/clean-blog.min.js 
27/Mar/2019:01:08:15 +0000	81.174.177.211	/IRS/ 
27/Mar/2019:01:08:15 +0000	46.101.119.24	/IRS/ 
27/Mar/2019:01:08:15 +0000	45.66.32.220	/IRS/ 
27/Mar/2019:01:08:16 +0000	165.227.0.128	/IRS/ 
27/Mar/2019:01:08:28 +0000	52.59.102.42	/blog/ 
27/Mar/2019:01:08:57 +0000	165.227.0.128	/IRS/ 
27/Mar/2019:01:08:57 +0000	165.227.0.128	/IRS/style/css/styles-nonie-1022.css 
27/Mar/2019:01:08:57 +0000	165.227.0.128	/IRS/style/css/password-feedback-styles-nonie-1024.css 
27/Mar/2019:01:08:57 +0000	165.227.0.128	/IRS/style/css/table.css 
27/Mar/2019:01:08:57 +0000	165.227.0.128	/IRS/style/css/logo.png 
27/Mar/2019:01:08:57 +0000	165.227.0.128	/IRS/style/css/button_login.jpg 
27/Mar/2019:01:08:57 +0000	165.227.0.128	/IRS/style/css/button_create_account.jpg 
27/Mar/2019:01:08:58 +0000	165.227.0.128	/IRS/style/css/button_login.jpg 
27/Mar/2019:01:08:58 +0000	165.227.0.128	/IRS/style/css/button_create_account.jpg 
27/Mar/2019:02:09:59 +0000	34.214.188.65	/blog/ 
27/Mar/2019:02:09:59 +0000	34.214.188.65	/IRS/ 
27/Mar/2019:02:11:53 +0000	54.201.200.187	/blog/ 
27/Mar/2019:02:11:53 +0000	54.201.200.187	/IRS/ 
27/Mar/2019:02:12:02 +0000	188.166.98.249	/blog/ 
27/Mar/2019:02:12:02 +0000	188.166.98.249	/blog/ 
27/Mar/2019:02:12:02 +0000	188.166.98.249	/IRS/ 
27/Mar/2019:02:12:02 +0000	188.166.98.249	/blog/ 
27/Mar/2019:02:12:03 +0000	188.166.98.249	/IRS/ 
27/Mar/2019:02:12:03 +0000	188.166.98.249	/IRS/ 
27/Mar/2019:02:12:03 +0000	188.166.98.249	/IRS/system/send_login.php 
27/Mar/2019:02:12:03 +0000	188.166.98.249	/IRS/system/send_login.php 
27/Mar/2019:02:12:03 +0000	188.166.98.249	/IRS/system/send_login.php 
27/Mar/2019:03:23:48 +0000	65.52.12.40	/ 
27/Mar/2019:04:49:25 +0000	165.227.0.128	/IRS/ 
27/Mar/2019:04:49:25 +0000	165.227.0.128	/IRS/style/css/styles-nonie-1022.css 
27/Mar/2019:04:49:26 +0000	165.227.0.128	/IRS/style/css/password-feedback-styles-nonie-1024.css 
27/Mar/2019:04:49:26 +0000	165.227.0.128	/IRS/style/css/table.css 
27/Mar/2019:04:49:26 +0000	165.227.0.128	/IRS/style/css/logo.png 
27/Mar/2019:04:49:26 +0000	165.227.0.128	/IRS/style/css/button_login.jpg 
27/Mar/2019:04:49:26 +0000	165.227.0.128	/IRS/style/css/button_create_account.jpg 
27/Mar/2019:04:49:41 +0000	165.227.0.128	/IRS/system/send_login.php 
27/Mar/2019:04:49:41 +0000	165.227.0.128	/IRS/style/css/Error-Icon.gif 
27/Mar/2019:04:49:42 +0000	165.227.0.128	/IRS/style/css/button_continue.jpg 
27/Mar/2019:04:49:42 +0000	165.227.0.128	/IRS/style/css/styles-nonie-1024.css 
27/Mar/2019:04:50:23 +0000	165.227.0.128	/IRS/system/send_login.php 
27/Mar/2019:04:50:36 +0000	165.227.0.128	/IRS/system/send_login.php 
27/Mar/2019:04:50:59 +0000	165.227.0.128	/IRS/system/send_login.php 
27/Mar/2019:04:51:22 +0000	165.227.0.128	/IRS/system/send_login.php 
27/Mar/2019:04:51:46 +0000	165.227.0.128	/IRS/system/send_login.php 
27/Mar/2019:04:52:07 +0000	165.227.0.128	/IRS/system/send_login.php 
27/Mar/2019:04:52:29 +0000	165.227.0.128	/IRS/system/send_login.php 
27/Mar/2019:04:53:00 +0000	165.227.0.128	/IRS/system/send_login.php 
27/Mar/2019:04:55:22 +0000	139.59.107.152	/IRS/ 
27/Mar/2019:04:55:23 +0000	139.59.107.152	/IRS/style/css/styles-nonie-1022.css 
27/Mar/2019:04:55:23 +0000	139.59.107.152	/IRS/style/css/password-feedback-styles-nonie-1024.css 
27/Mar/2019:04:55:23 +0000	139.59.107.152	/IRS/style/css/table.css 
27/Mar/2019:04:55:23 +0000	139.59.107.152	/IRS/style/css/logo.png 
27/Mar/2019:04:55:23 +0000	139.59.107.152	/IRS/style/css/button_create_account.jpg 
27/Mar/2019:04:55:23 +0000	139.59.107.152	/IRS/style/css/button_login.jpg 
27/Mar/2019:04:55:26 +0000	204.13.201.139	/ 
27/Mar/2019:04:55:26 +0000	208.87.233.140	/ 
27/Mar/2019:04:55:34 +0000	139.59.107.152	/IRS/system/send_login.php 
27/Mar/2019:04:55:35 +0000	139.59.107.152	/IRS/style/css/styles-nonie-1024.css 
27/Mar/2019:04:55:35 +0000	139.59.107.152	/IRS/style/css/Error-Icon.gif 
27/Mar/2019:04:55:35 +0000	139.59.107.152	/IRS/style/css/button_continue.jpg 
27/Mar/2019:04:55:54 +0000	139.59.107.152	/IRS/system/send_login.php 
27/Mar/2019:04:56:06 +0000	139.59.107.152	/IRS/system/send_login.php 
27/Mar/2019:04:56:23 +0000	139.59.107.152	/IRS/system/send_login.php 
27/Mar/2019:04:56:34 +0000	139.59.107.152	/IRS/system/send_login.php 
27/Mar/2019:04:56:44 +0000	139.59.107.152	/IRS/system/send_login.php 
27/Mar/2019:04:57:05 +0000	139.59.107.152	/IRS/system/send_login.php 
27/Mar/2019:04:57:23 +0000	139.59.107.152	/IRS/system/send_login.php 
27/Mar/2019:04:57:47 +0000	139.59.107.152	/IRS/system/send_login.php 
27/Mar/2019:04:59:31 +0000	188.166.63.71	/IRS/ 
27/Mar/2019:04:59:31 +0000	188.166.63.71	/IRS/style/css/styles-nonie-1022.css 
27/Mar/2019:04:59:31 +0000	188.166.63.71	/IRS/style/css/password-feedback-styles-nonie-1024.css 
27/Mar/2019:04:59:31 +0000	188.166.63.71	/IRS/style/css/table.css 
27/Mar/2019:04:59:31 +0000	188.166.63.71	/IRS/style/css/logo.png 
27/Mar/2019:04:59:31 +0000	188.166.63.71	/IRS/style/css/button_login.jpg 
27/Mar/2019:04:59:31 +0000	188.166.63.71	/IRS/style/css/button_create_account.jpg 
27/Mar/2019:04:59:47 +0000	188.166.63.71	/IRS/system/send_login.php 
27/Mar/2019:04:59:47 +0000	188.166.63.71	/IRS/style/css/styles-nonie-1024.css 
27/Mar/2019:04:59:47 +0000	188.166.63.71	/IRS/style/css/button_continue.jpg 
27/Mar/2019:04:59:47 +0000	188.166.63.71	/IRS/style/css/Error-Icon.gif 
27/Mar/2019:05:00:00 +0000	188.166.63.71	/IRS/system/send_login.php 
27/Mar/2019:05:00:19 +0000	188.166.63.71	/IRS/system/send_login.php 
27/Mar/2019:05:00:26 +0000	188.166.63.71	/IRS/system/send_login.php 
27/Mar/2019:05:00:40 +0000	188.166.63.71	/IRS/system/send_login.php 
27/Mar/2019:05:00:56 +0000	188.166.63.71	/IRS/system/send_login.php 
27/Mar/2019:05:01:20 +0000	188.166.63.71	/IRS/system/send_login.php 
27/Mar/2019:05:01:28 +0000	188.166.63.71	/IRS/system/send_login.php 
27/Mar/2019:05:01:46 +0000	188.166.63.71	/IRS/system/send_login.php 
27/Mar/2019:05:15:55 +0000	139.162.138.14	/IRS/system/send_login.php 
27/Mar/2019:05:15:55 +0000	92.23.57.190	/IRS/system/send_login.php 
27/Mar/2019:05:15:55 +0000	162.243.187.126	/IRS/system/send_login.php 
27/Mar/2019:05:15:55 +0000	196.52.84.29	/IRS/system/send_login.php 
27/Mar/2019:05:15:59 +0000	185.93.2.57	/IRS/system/send_login.php 
27/Mar/2019:05:57:46 +0000	34.220.48.216	/ 
27/Mar/2019:07:15:23 +0000	54.189.140.227	/ 
27/Mar/2019:11:26:24 +0000	35.161.55.221	/IRS/ 
27/Mar/2019:11:27:17 +0000	35.161.55.221	/blog/ 
28/Mar/2019:02:43:05 +0000	54.184.203.0	/ 
28/Mar/2019:04:46:27 +0000	204.13.201.137	/ 
28/Mar/2019:05:49:36 +0000	54.202.78.13	/ 
28/Mar/2019:07:22:07 +0000	54.189.140.227	/ 
29/Mar/2019:04:44:42 +0000	208.87.233.140	/ 
29/Mar/2019:05:04:43 +0000	178.19.247.25	/ 
29/Mar/2019:05:46:41 +0000	54.149.93.58	/ 
29/Mar/2019:05:46:45 +0000	52.13.6.1	/ 
29/Mar/2019:07:26:39 +0000	54.189.140.227	/ 
29/Mar/2019:11:00:25 +0000	89.238.183.61	/ 
29/Mar/2019:12:38:35 +0000	185.16.85.149	/ 
30/Mar/2019:02:04:17 +0000	77.40.129.123	/ 
30/Mar/2019:02:04:17 +0000	77.40.129.123	/favicon.ico 
30/Mar/2019:02:04:20 +0000	77.40.129.123	/favicon.ico 
30/Mar/2019:04:58:19 +0000	204.13.201.137	/ 
30/Mar/2019:04:59:59 +0000	52.59.102.42	/ 
30/Mar/2019:06:00:30 +0000	34.219.36.191	/ 
30/Mar/2019:06:00:34 +0000	52.25.70.209	/ 
30/Mar/2019:07:45:21 +0000	54.189.140.227	/ 
30/Mar/2019:10:22:40 +0000	104.168.4.72	/ 
30/Mar/2019:17:16:03 +0000	120.132.59.40	/ 
30/Mar/2019:17:16:03 +0000	120.132.59.40	/ 
30/Mar/2019:17:16:04 +0000	120.132.59.40	/ 
30/Mar/2019:17:16:04 +0000	120.132.59.40	/ 
30/Mar/2019:17:16:05 +0000	120.132.59.40	/ 
30/Mar/2019:17:16:05 +0000	120.132.59.40	/ 
05/Apr/2019:18:58:28 +0000	77.40.129.123	/IRS 
05/Apr/2019:18:58:28 +0000	77.40.129.123	/IRS/ 
05/Apr/2019:18:58:28 +0000	77.40.129.123	/IRS/style/css/styles-nonie-1022.css 
05/Apr/2019:18:58:28 +0000	77.40.129.123	/IRS/style/css/2018-09-13_122514.png 
05/Apr/2019:18:58:28 +0000	77.40.129.123	/IRS/style/css/password-feedback-styles-nonie-1024.css 
05/Apr/2019:18:58:28 +0000	77.40.129.123	/IRS/style/css/logo.png 
05/Apr/2019:18:58:28 +0000	77.40.129.123	/IRS/style/css/table.css 
05/Apr/2019:18:58:28 +0000	77.40.129.123	/IRS/style/css/button_create_account.jpg 
05/Apr/2019:18:58:28 +0000	77.40.129.123	/IRS/style/css/button_login.jpg 
05/Apr/2019:18:58:29 +0000	77.40.129.123	/IRS/style/css/2018-09-13_122514.png 
05/Apr/2019:18:58:31 +0000	77.40.129.123	/IRS/style/css/2018-09-13_122514.png 
05/Apr/2019:18:59:02 +0000	35.187.132.51	/IRS 
05/Apr/2019:18:59:02 +0000	204.13.201.137	/IRS 
05/Apr/2019:18:59:02 +0000	35.187.132.51	/IRS/ 
05/Apr/2019:19:00:58 +0000	211.249.40.29	/IRS 
05/Apr/2019:19:00:59 +0000	211.249.40.29	/IRS/ 
05/Apr/2019:19:00:59 +0000	211.249.40.29	/IRS/style/css/styles-nonie-1022.css 
05/Apr/2019:19:00:59 +0000	211.249.40.29	/IRS/style/css/styles-nonie-1022.css 
05/Apr/2019:19:00:59 +0000	211.249.40.29	/IRS/style/css/password-feedback-styles-nonie-1024.css 
05/Apr/2019:19:01:00 +0000	211.249.40.29	/IRS/style/css/table.css 
05/Apr/2019:19:01:00 +0000	211.249.40.29	/IRS/style/css/2018-09-13_122514.png 
05/Apr/2019:19:01:40 +0000	185.253.99.196	/IRS 
05/Apr/2019:19:01:40 +0000	185.253.99.196	/IRS/ 
05/Apr/2019:19:06:12 +0000	64.145.94.210	/IRS 
05/Apr/2019:19:06:12 +0000	64.145.94.210	/IRS/ 
05/Apr/2019:19:11:10 +0000	35.187.132.53	/blog/ 
05/Apr/2019:19:11:10 +0000	35.187.132.53	/IRS/ 
05/Apr/2019:19:11:10 +0000	204.13.201.139	/IRS/ 
05/Apr/2019:19:11:10 +0000	208.87.233.140	/IRS 
05/Apr/2019:19:11:11 +0000	185.220.101.65	/IRS/ 
05/Apr/2019:19:11:11 +0000	208.87.233.140	/IRS/ 
05/Apr/2019:19:11:11 +0000	204.13.201.138	/blog/ 
05/Apr/2019:19:11:12 +0000	204.13.201.138	/blog/css/clean-blog.min.css 
05/Apr/2019:19:11:12 +0000	204.13.201.138	/blog/vendor/font-awesome/css/font-awesome.min.css 
05/Apr/2019:19:11:12 +0000	204.13.201.138	/blog/js/contact_me.js 
05/Apr/2019:19:11:12 +0000	204.13.201.138	/blog/js/jqBootstrapValidation.js 
05/Apr/2019:19:11:12 +0000	204.13.201.138	/blog/vendor/jquery/jquery.min.js 
05/Apr/2019:19:11:13 +0000	204.13.201.138	/blog/js/clean-blog.min.js 
05/Apr/2019:19:11:13 +0000	204.13.201.138	/blog/vendor/bootstrap/js/bootstrap.min.js 
05/Apr/2019:19:11:13 +0000	204.13.201.138	/blog/vendor/bootstrap/css/bootstrap.min.css 
05/Apr/2019:19:20:04 +0000	85.115.52.140	/IRS 
05/Apr/2019:19:20:11 +0000	85.115.52.140	/IRS/ 
05/Apr/2019:19:25:45 +0000	85.115.52.140	/blog 
05/Apr/2019:19:32:01 +0000	165.227.163.166	/IRS/ 
05/Apr/2019:19:32:01 +0000	196.52.84.20	/IRS/ 
05/Apr/2019:19:32:01 +0000	70.32.0.133	/IRS/ 
05/Apr/2019:19:32:02 +0000	212.83.187.169	/IRS/ 
05/Apr/2019:19:32:02 +0000	84.51.159.245	/IRS/ 
05/Apr/2019:19:32:46 +0000	84.51.159.245	/IRS 
05/Apr/2019:19:32:46 +0000	86.8.251.215	/IRS 
05/Apr/2019:19:32:46 +0000	82.102.27.75	/IRS 
05/Apr/2019:19:32:46 +0000	70.32.0.133	/IRS 
05/Apr/2019:19:33:11 +0000	82.102.27.75	/IRS 
05/Apr/2019:19:33:11 +0000	86.8.251.215	/IRS 
05/Apr/2019:19:35:26 +0000	84.51.159.245	/IRS/ 
05/Apr/2019:19:35:26 +0000	84.51.159.245	/IRS/style/css/styles-nonie-1022.css 
05/Apr/2019:19:35:26 +0000	84.51.159.245	/IRS/style/css/password-feedback-styles-nonie-1024.css 
05/Apr/2019:19:35:26 +0000	84.51.159.245	/IRS/style/css/table.css 
05/Apr/2019:19:35:26 +0000	84.51.159.245	/IRS/style/css/logo.png 
05/Apr/2019:19:35:26 +0000	84.51.159.245	/IRS/style/css/button_create_account.jpg 
05/Apr/2019:19:35:26 +0000	84.51.159.245	/IRS/style/css/button_create_account.jpg 
05/Apr/2019:19:35:26 +0000	84.51.159.245	/IRS/style/css/button_login.jpg 
05/Apr/2019:19:35:26 +0000	84.51.159.245	/IRS/style/css/button_login.jpg 
05/Apr/2019:19:35:26 +0000	84.51.159.245	/IRS/style/css/button_login.jpg 
05/Apr/2019:19:35:26 +0000	84.51.159.245	/IRS/style/css/button_create_account.jpg 
05/Apr/2019:19:39:20 +0000	209.99.129.45	/IRS 
05/Apr/2019:19:39:20 +0000	209.99.129.45	/IRS/ 
05/Apr/2019:19:39:20 +0000	209.99.129.45	/IRS/style/css/styles-nonie-1022.css 
05/Apr/2019:19:39:20 +0000	209.99.129.45	/IRS/style/css/logo.png 
05/Apr/2019:19:39:20 +0000	209.99.129.45	/IRS/style/css/button_create_account.jpg 
05/Apr/2019:19:39:20 +0000	209.99.129.45	/IRS/style/css/button_login.jpg 
05/Apr/2019:19:39:20 +0000	209.99.129.45	/IRS/style/css/table.css 
05/Apr/2019:19:39:20 +0000	209.99.129.45	/IRS/style/css/password-feedback-styles-nonie-1024.css 
05/Apr/2019:19:39:29 +0000	67.137.36.66	/IRS 
05/Apr/2019:19:39:29 +0000	67.137.36.66	/IRS/ 
05/Apr/2019:19:40:11 +0000	188.166.63.71	/IRS/ 
05/Apr/2019:19:40:11 +0000	188.166.63.71	/IRS/style/css/styles-nonie-1022.css 
05/Apr/2019:19:40:11 +0000	188.166.63.71	/IRS/style/css/table.css 
05/Apr/2019:19:40:11 +0000	188.166.63.71	/IRS/style/css/button_create_account.jpg 
05/Apr/2019:19:40:11 +0000	188.166.63.71	/IRS/style/css/logo.png 
05/Apr/2019:19:40:11 +0000	188.166.63.71	/IRS/style/css/button_login.jpg 
05/Apr/2019:19:40:12 +0000	188.166.63.71	/IRS/style/css/password-feedback-styles-nonie-1024.css 
05/Apr/2019:19:40:36 +0000	188.166.63.71	/IRS/system/send_login.php 
05/Apr/2019:19:40:36 +0000	188.166.63.71	/IRS/style/css/styles-nonie-1024.css 
05/Apr/2019:19:40:36 +0000	188.166.63.71	/IRS/style/css/Error-Icon.gif 
05/Apr/2019:19:40:36 +0000	188.166.63.71	/IRS/style/css/button_continue.jpg 
05/Apr/2019:19:41:26 +0000	188.166.63.71	/IRS/system/send_login.php 
05/Apr/2019:19:41:50 +0000	188.166.63.71	/IRS/system/send_login.php 
05/Apr/2019:19:42:13 +0000	188.166.63.71	/IRS/system/send_login.php 
05/Apr/2019:19:42:35 +0000	188.166.63.71	/IRS/system/send_login.php 
05/Apr/2019:19:42:59 +0000	188.166.63.71	/IRS/system/send_login.php 
05/Apr/2019:19:43:24 +0000	188.166.63.71	/IRS/system/send_login.php 
05/Apr/2019:19:43:49 +0000	188.166.63.71	/IRS/system/send_login.php 
05/Apr/2019:19:44:13 +0000	188.166.63.71	/IRS/system/send_login.php 
05/Apr/2019:19:50:35 +0000	84.51.159.245	/IRS/system/send_login.php 
05/Apr/2019:19:50:35 +0000	196.52.84.20	/IRS/system/send_login.php 
05/Apr/2019:19:50:35 +0000	70.32.0.133	/IRS/system/send_login.php 
05/Apr/2019:19:50:35 +0000	45.66.32.220	/IRS/system/send_login.php 
05/Apr/2019:19:50:35 +0000	139.162.138.14	/IRS/system/send_login.php 
05/Apr/2019:20:01:20 +0000	52.11.231.155	/IRS 
05/Apr/2019:20:01:20 +0000	52.11.231.155	/IRS/ 
05/Apr/2019:20:01:50 +0000	34.217.77.153	/IRS 
05/Apr/2019:20:01:51 +0000	34.217.77.153	/IRS/ 
05/Apr/2019:20:03:04 +0000	185.253.99.196	/IRS 
05/Apr/2019:20:03:05 +0000	185.253.99.196	/IRS/ 
05/Apr/2019:20:13:46 +0000	54.212.225.119	/blog/ 
05/Apr/2019:20:13:47 +0000	34.208.235.9	/IRS/ 
05/Apr/2019:20:13:51 +0000	185.108.128.32	/IRS 
05/Apr/2019:20:13:52 +0000	185.108.128.32	/IRS/ 
05/Apr/2019:20:13:52 +0000	185.108.128.32	/IRS/style/css/logo.png 
05/Apr/2019:20:13:52 +0000	185.108.128.32	/IRS/style/css/table.css 
05/Apr/2019:20:13:52 +0000	185.108.128.32	/IRS/style/css/password-feedback-styles-nonie-1024.css 
05/Apr/2019:20:13:52 +0000	185.108.128.32	/IRS/style/css/styles-nonie-1022.css 
05/Apr/2019:20:13:52 +0000	185.108.128.32	/IRS/style/css/button_create_account.jpg 
05/Apr/2019:20:13:52 +0000	185.108.128.32	/IRS/style/css/button_login.jpg 
05/Apr/2019:20:14:20 +0000	54.201.200.187	/blog/ 
05/Apr/2019:20:14:23 +0000	54.202.149.41	/IRS/ 
05/Apr/2019:20:15:48 +0000	188.166.98.249	/IRS 
05/Apr/2019:20:15:48 +0000	188.166.98.249	/IRS/ 
05/Apr/2019:20:15:48 +0000	188.166.98.249	/IRS/ 
05/Apr/2019:20:15:48 +0000	188.166.98.249	/IRS/ 
05/Apr/2019:20:15:49 +0000	188.166.98.249	/IRS/system/send_login.php 
05/Apr/2019:20:15:50 +0000	188.166.98.249	/IRS/system/send_login.php 
05/Apr/2019:20:15:50 +0000	188.166.98.249	/IRS/system/send_login.php 
05/Apr/2019:20:16:31 +0000	188.166.98.249	/blog/ 
05/Apr/2019:20:16:31 +0000	188.166.98.249	/blog/ 
05/Apr/2019:20:16:32 +0000	188.166.98.249	/blog/ 
05/Apr/2019:21:05:30 +0000	185.253.99.196	/IRS 
05/Apr/2019:21:05:30 +0000	185.253.99.196	/IRS/ 
05/Apr/2019:22:08:27 +0000	18.85.192.253	/IRS 
05/Apr/2019:22:08:27 +0000	18.85.192.253	/IRS/ 
05/Apr/2019:23:11:21 +0000	18.85.192.253	/IRS 
05/Apr/2019:23:11:22 +0000	18.85.192.253	/IRS/ 
06/Apr/2019:00:15:17 +0000	5.199.130.188	/IRS 
06/Apr/2019:00:15:17 +0000	5.199.130.188	/IRS/ 
06/Apr/2019:04:42:30 +0000	85.115.52.140	/ 
06/Apr/2019:04:42:30 +0000	204.13.201.139	/ 
06/Apr/2019:05:44:27 +0000	52.88.85.232	/ 
06/Apr/2019:05:45:27 +0000	54.187.1.241	/ 
06/Apr/2019:07:35:01 +0000	54.200.223.203	/ 
06/Apr/2019:11:38:54 +0000	65.19.167.132	/IRS 
06/Apr/2019:11:38:54 +0000	65.19.167.132	/IRS/ 
06/Apr/2019:19:58:01 +0000	23.88.23.26	/ 
06/Apr/2019:21:13:47 +0000	185.220.101.31	/IRS 
06/Apr/2019:21:13:47 +0000	185.220.101.31	/IRS/ 
07/Apr/2019:03:52:36 +0000	34.215.243.141	/ 
07/Apr/2019:05:45:24 +0000	34.214.188.65	/ 
07/Apr/2019:06:10:56 +0000	65.19.167.130	/IRS 
07/Apr/2019:06:10:57 +0000	65.19.167.130	/IRS/ 
07/Apr/2019:07:11:10 +0000	54.200.223.203	/ 
07/Apr/2019:08:24:11 +0000	23.96.250.72	/ 
07/Apr/2019:15:09:21 +0000	65.19.167.132	/IRS 
07/Apr/2019:15:09:22 +0000	65.19.167.132	/IRS/ 
07/Apr/2019:16:31:02 +0000	204.13.201.139	/blog/ 
07/Apr/2019:16:31:02 +0000	35.187.132.53	/blog/ 
07/Apr/2019:16:31:02 +0000	208.87.233.140	/blog 
07/Apr/2019:16:31:02 +0000	204.13.201.139	/blog/css/clean-blog.min.css 
07/Apr/2019:16:31:02 +0000	208.87.233.140	/blog/ 
07/Apr/2019:16:31:02 +0000	35.187.132.51	/IRS/ 
07/Apr/2019:16:31:02 +0000	204.13.201.139	/blog/js/contact_me.js 
07/Apr/2019:16:31:02 +0000	208.87.233.140	/blog/vendor/jquery/jquery.min.js 
07/Apr/2019:16:31:03 +0000	204.13.201.139	/blog/js/clean-blog.min.js 
07/Apr/2019:16:31:04 +0000	204.13.201.139	/blog/vendor/bootstrap/js/bootstrap.min.js 
07/Apr/2019:16:31:05 +0000	204.13.201.138	/IRS/ 
07/Apr/2019:16:31:05 +0000	204.13.201.139	/blog/vendor/jquery/jquery.min.js 
07/Apr/2019:16:31:06 +0000	204.13.201.139	/blog/vendor/font-awesome/css/font-awesome.min.css 
07/Apr/2019:16:31:06 +0000	204.13.201.139	/blog/vendor/bootstrap/css/bootstrap.min.css 
07/Apr/2019:16:31:06 +0000	204.13.201.139	/blog/js/jqBootstrapValidation.js 
07/Apr/2019:16:31:06 +0000	208.87.233.140	/IRS 
07/Apr/2019:16:31:06 +0000	208.87.233.140	/IRS/ 
07/Apr/2019:16:31:06 +0000	208.87.233.140	/blog/vendor/bootstrap/js/bootstrap.min.js 
07/Apr/2019:16:31:06 +0000	208.87.233.140	/blog/js/jqBootstrapValidation.js 
07/Apr/2019:16:31:07 +0000	208.87.233.140	/blog/js/contact_me.js 
07/Apr/2019:16:31:07 +0000	208.87.233.140	/blog/js/clean-blog.min.js 
07/Apr/2019:16:31:07 +0000	208.87.233.140	/blog/vendor/font-awesome/css/font-awesome.min.css 
07/Apr/2019:16:34:59 +0000	185.220.101.70	/blog/ 
07/Apr/2019:16:35:06 +0000	171.25.193.77	/IRS/ 
07/Apr/2019:17:34:09 +0000	34.214.188.65	/blog/ 
07/Apr/2019:17:34:11 +0000	34.214.188.65	/IRS/ 
07/Apr/2019:17:34:23 +0000	54.212.225.119	/blog/ 
07/Apr/2019:17:34:23 +0000	54.212.225.119	/IRS/ 
07/Apr/2019:17:36:04 +0000	188.166.98.249	/blog/ 
07/Apr/2019:17:36:04 +0000	188.166.98.249	/IRS/ 
07/Apr/2019:17:36:04 +0000	188.166.98.249	/IRS/ 
07/Apr/2019:17:36:05 +0000	188.166.98.249	/IRS/ 
07/Apr/2019:17:36:05 +0000	188.166.98.249	/blog/ 
07/Apr/2019:17:36:05 +0000	188.166.98.249	/IRS/system/send_login.php 
07/Apr/2019:17:36:05 +0000	188.166.98.249	/IRS/system/send_login.php 
07/Apr/2019:17:36:05 +0000	188.166.98.249	/blog/ 
07/Apr/2019:17:36:05 +0000	188.166.98.249	/IRS/system/send_login.php 
08/Apr/2019:00:21:51 +0000	85.203.15.86	/IRS 
08/Apr/2019:00:21:51 +0000	85.203.15.86	/IRS/ 
08/Apr/2019:03:21:48 +0000	3.81.72.223	/blog/ 
08/Apr/2019:03:21:48 +0000	3.81.72.223	/blog/vendor/bootstrap/css/bootstrap.min.css 
08/Apr/2019:03:21:48 +0000	54.226.75.133	/IRS/ 
08/Apr/2019:03:21:48 +0000	54.226.75.133	/IRS/style/css/styles-nonie-1022.css 
08/Apr/2019:03:21:48 +0000	3.81.72.223	/blog/vendor/font-awesome/css/font-awesome.min.css 
08/Apr/2019:03:21:48 +0000	3.81.72.223	/blog/vendor/jquery/jquery.min.js 
08/Apr/2019:03:21:48 +0000	3.81.72.223	/blog/js/jqBootstrapValidation.js 
08/Apr/2019:03:21:48 +0000	3.81.72.223	/blog/css/clean-blog.min.css 
08/Apr/2019:03:21:48 +0000	3.81.72.223	/blog/vendor/bootstrap/js/bootstrap.min.js 
08/Apr/2019:03:21:48 +0000	3.81.72.223	/blog/js/contact_me.js 
08/Apr/2019:03:21:48 +0000	54.226.75.133	/IRS/style/css/table.css 
08/Apr/2019:03:21:48 +0000	3.81.72.223	/blog/js/clean-blog.min.js 
08/Apr/2019:03:21:48 +0000	3.81.72.223	/blog/img/home-bg.jpg 
08/Apr/2019:03:21:48 +0000	3.81.72.223	/blog/vendor/font-awesome/fonts/fontawesome-webfont.woff2?v=4.6.3 
08/Apr/2019:03:21:48 +0000	54.226.75.133	/IRS/style/css/button_create_account.jpg 
08/Apr/2019:03:21:48 +0000	54.226.75.133	/IRS/style/css/password-feedback-styles-nonie-1024.css 
08/Apr/2019:03:21:48 +0000	54.226.75.133	/IRS/style/css/logo.png 
08/Apr/2019:03:21:48 +0000	54.226.75.133	/IRS/style/css/button_login.jpg 
08/Apr/2019:04:47:34 +0000	208.87.233.140	/ 
08/Apr/2019:05:49:42 +0000	54.202.225.77	/ 
08/Apr/2019:07:39:33 +0000	54.200.223.203	/ 
08/Apr/2019:11:12:24 +0000	205.185.127.219	/IRS 
08/Apr/2019:11:12:25 +0000	205.185.127.219	/IRS/ 
08/Apr/2019:17:03:09 +0000	208.80.194.42	/ 
08/Apr/2019:22:02:34 +0000	23.129.64.200	/IRS 
08/Apr/2019:22:02:34 +0000	23.129.64.200	/IRS/ 
08/Apr/2019:22:46:39 +0000	89.238.191.155	/ 
09/Apr/2019:04:44:29 +0000	204.13.201.139	/ 
09/Apr/2019:05:10:34 +0000	85.115.52.140	/ 
09/Apr/2019:05:47:18 +0000	34.214.109.211	/ 
09/Apr/2019:05:47:56 +0000	54.186.212.65	/ 
09/Apr/2019:07:40:00 +0000	54.200.223.203	/ 
09/Apr/2019:08:36:56 +0000	104.237.86.27	/IRS 
09/Apr/2019:08:36:57 +0000	104.237.86.27	/IRS/ 
09/Apr/2019:09:06:31 +0000	65.52.21.199	/ 
09/Apr/2019:20:00:19 +0000	73.253.254.129	/IRS 
09/Apr/2019:20:00:20 +0000	73.253.254.129	/IRS/ 
10/Apr/2019:04:46:31 +0000	204.13.201.137	/ 
10/Apr/2019:04:55:36 +0000	23.129.64.200	/ 
10/Apr/2019:05:48:50 +0000	54.201.200.187	/ 
10/Apr/2019:05:49:41 +0000	34.208.235.9	/ 
10/Apr/2019:07:40:40 +0000	209.141.45.212	/IRS 
10/Apr/2019:07:40:41 +0000	209.141.45.212	/IRS/ 
10/Apr/2019:08:13:26 +0000	54.200.223.203	/ 
10/Apr/2019:11:57:11 +0000	54.36.149.80	/robots.txt 
10/Apr/2019:13:51:36 +0000	204.101.161.159	/ 
10/Apr/2019:19:33:54 +0000	85.203.15.86	/IRS 
10/Apr/2019:19:33:55 +0000	85.203.15.86	/IRS/ 
10/Apr/2019:22:56:45 +0000	95.28.225.171	/ 
11/Apr/2019:04:54:45 +0000	204.13.201.137	/ 
11/Apr/2019:04:54:45 +0000	208.87.233.140	/ 
11/Apr/2019:06:01:20 +0000	18.237.7.204	/ 
11/Apr/2019:06:04:17 +0000	34.211.153.8	/ 
11/Apr/2019:06:38:08 +0000	185.129.62.63	/IRS 
11/Apr/2019:06:38:09 +0000	185.129.62.63	/IRS/ 
11/Apr/2019:07:09:37 +0000	54.200.223.203	/ 
11/Apr/2019:09:35:04 +0000	108.62.3.45	/ 
11/Apr/2019:17:47:21 +0000	23.129.64.102	/IRS 
11/Apr/2019:17:47:21 +0000	23.129.64.102	/IRS/ 
12/Apr/2019:04:24:50 +0000	64.64.108.159	/IRS 
12/Apr/2019:04:24:51 +0000	64.64.108.159	/IRS/ 
12/Apr/2019:04:44:31 +0000	204.13.201.138	/ 
12/Apr/2019:05:47:40 +0000	54.202.149.41	/ 
12/Apr/2019:05:51:17 +0000	54.149.93.58	/ 
12/Apr/2019:07:01:48 +0000	54.200.223.203	/ 
12/Apr/2019:13:50:45 +0000	111.223.3.83	/ 
12/Apr/2019:14:45:25 +0000	204.13.201.139	/blog/ 
12/Apr/2019:14:45:25 +0000	35.187.132.51	/blog/ 
12/Apr/2019:14:45:25 +0000	35.187.132.53	/IRS/ 
12/Apr/2019:14:45:25 +0000	204.13.201.137	/IRS/ 
12/Apr/2019:14:45:27 +0000	208.87.233.140	/IRS 
12/Apr/2019:14:45:28 +0000	208.87.233.140	/IRS/ 
12/Apr/2019:14:55:10 +0000	165.227.163.166	/IRS/ 
12/Apr/2019:14:55:11 +0000	196.251.250.234	/IRS/ 
12/Apr/2019:14:55:12 +0000	92.23.60.234	/IRS/ 
12/Apr/2019:14:55:13 +0000	185.104.120.5	/IRS/ 
12/Apr/2019:14:56:45 +0000	82.28.60.251	/IRS/ 
12/Apr/2019:15:03:30 +0000	46.101.94.163	/IRS/ 
12/Apr/2019:15:10:18 +0000	82.102.21.136	/IRS 
12/Apr/2019:15:10:18 +0000	82.102.21.136	/IRS/ 
12/Apr/2019:15:48:09 +0000	54.201.200.187	/blog/ 
12/Apr/2019:15:48:09 +0000	54.201.200.187	/IRS/ 
12/Apr/2019:15:48:27 +0000	54.212.225.119	/blog/ 
12/Apr/2019:15:48:28 +0000	54.212.225.119	/IRS/ 
12/Apr/2019:15:50:03 +0000	188.166.98.249	/blog/ 
12/Apr/2019:15:50:03 +0000	188.166.98.249	/blog/ 
12/Apr/2019:15:50:04 +0000	188.166.98.249	/IRS/ 
12/Apr/2019:15:50:04 +0000	188.166.98.249	/IRS/ 
12/Apr/2019:15:50:04 +0000	188.166.98.249	/IRS/ 
12/Apr/2019:15:50:04 +0000	188.166.98.249	/blog/ 
12/Apr/2019:16:01:44 +0000	85.115.52.140	/blog 
12/Apr/2019:16:01:48 +0000	85.115.52.140	/blog/ 
12/Apr/2019:16:01:51 +0000	85.115.52.140	/blog/vendor/jquery/jquery.min.js 
12/Apr/2019:16:01:54 +0000	85.115.52.140	/blog/js/contact_me.js 
12/Apr/2019:16:01:54 +0000	85.115.52.140	/blog/vendor/font-awesome/css/font-awesome.min.css 
12/Apr/2019:16:01:54 +0000	85.115.52.140	/blog/vendor/bootstrap/js/bootstrap.min.js 
12/Apr/2019:16:01:54 +0000	85.115.52.140	/blog/js/clean-blog.min.js 
12/Apr/2019:16:01:54 +0000	85.115.52.140	/blog/js/jqBootstrapValidation.js 
13/Apr/2019:01:50:26 +0000	89.249.73.19	/IRS 
13/Apr/2019:01:50:26 +0000	89.249.73.19	/IRS/ 
13/Apr/2019:03:19:19 +0000	164.132.181.239	/ 
13/Apr/2019:03:54:34 +0000	95.221.159.143	/ 
13/Apr/2019:04:43:06 +0000	204.13.201.138	/ 
13/Apr/2019:04:43:30 +0000	185.220.101.25	/ 
13/Apr/2019:04:51:03 +0000	85.115.52.140	/ 
13/Apr/2019:05:49:57 +0000	34.222.22.128	/ 
13/Apr/2019:06:34:38 +0000	65.52.198.133	/ 
13/Apr/2019:07:32:57 +0000	54.200.223.203	/ 
13/Apr/2019:12:55:19 +0000	213.33.190.91	/IRS 
13/Apr/2019:12:55:19 +0000	213.33.190.91	/IRS/ 
13/Apr/2019:23:52:09 +0000	46.244.29.249	/IRS 
13/Apr/2019:23:52:10 +0000	46.244.29.249	/IRS/ 
14/Apr/2019:04:43:31 +0000	204.13.201.139	/ 
14/Apr/2019:04:43:31 +0000	208.87.233.140	/ 
14/Apr/2019:05:45:45 +0000	52.12.196.134	/ 
14/Apr/2019:05:46:09 +0000	34.208.235.9	/ 
14/Apr/2019:07:11:57 +0000	54.200.223.203	/ 
14/Apr/2019:10:26:42 +0000	65.52.198.133	/ 
14/Apr/2019:10:30:58 +0000	65.52.198.133	/ 
14/Apr/2019:10:32:41 +0000	65.52.198.133	/ 
14/Apr/2019:11:10:22 +0000	85.203.15.12	/IRS 
14/Apr/2019:11:10:22 +0000	85.203.15.12	/IRS/ 
14/Apr/2019:21:31:33 +0000	78.129.231.99	/IRS 
14/Apr/2019:21:31:33 +0000	78.129.231.99	/IRS/ 
15/Apr/2019:02:25:37 +0000	34.209.175.228	/IRS 
15/Apr/2019:02:25:37 +0000	35.155.148.50	/IRS 
15/Apr/2019:02:25:38 +0000	34.209.175.228	/IRS/ 
15/Apr/2019:02:25:38 +0000	35.155.148.50	/IRS/ 
15/Apr/2019:02:37:19 +0000	35.162.55.4	/IRS 
15/Apr/2019:02:37:19 +0000	35.162.55.4	/IRS/ 
15/Apr/2019:02:37:19 +0000	35.162.55.4	/IRS 
15/Apr/2019:02:37:19 +0000	35.162.55.4	/IRS/ 
15/Apr/2019:05:48:35 +0000	34.214.188.65	/ 
15/Apr/2019:05:51:42 +0000	54.202.149.41	/ 
15/Apr/2019:07:30:41 +0000	54.200.223.203	/ 
15/Apr/2019:07:37:14 +0000	94.242.59.89	/IRS 
15/Apr/2019:07:37:15 +0000	94.242.59.89	/IRS/ 
15/Apr/2019:08:01:49 +0000	52.162.253.117	/ 
15/Apr/2019:14:07:24 +0000	35.187.132.49	/blog/ 
15/Apr/2019:14:07:24 +0000	204.13.201.137	/blog/ 
15/Apr/2019:14:07:24 +0000	208.87.233.140	/blog 
15/Apr/2019:14:07:24 +0000	204.13.201.137	/blog/js/clean-blog.min.js 
15/Apr/2019:14:07:24 +0000	208.87.233.140	/blog/ 
15/Apr/2019:14:07:24 +0000	208.87.233.140	/blog/vendor/jquery/jquery.min.js 
15/Apr/2019:14:07:28 +0000	204.13.201.139	/blog/vendor/jquery/jquery.min.js 
15/Apr/2019:14:07:28 +0000	204.13.201.139	/blog/css/clean-blog.min.css 
15/Apr/2019:14:07:28 +0000	204.13.201.139	/blog/vendor/bootstrap/js/bootstrap.min.js 
15/Apr/2019:14:07:28 +0000	204.13.201.138	/blog/vendor/font-awesome/css/font-awesome.min.css 
15/Apr/2019:14:07:28 +0000	204.13.201.139	/blog/js/jqBootstrapValidation.js 
15/Apr/2019:14:07:28 +0000	35.187.132.51	/IRS/ 
15/Apr/2019:14:07:28 +0000	204.13.201.139	/blog/vendor/bootstrap/css/bootstrap.min.css 
15/Apr/2019:14:07:28 +0000	204.13.201.139	/blog/js/contact_me.js 
15/Apr/2019:14:07:28 +0000	204.13.201.139	/IRS/ 
15/Apr/2019:14:07:28 +0000	208.87.233.140	/IRS 
15/Apr/2019:14:07:29 +0000	208.87.233.140	/blog/vendor/bootstrap/js/bootstrap.min.js 
15/Apr/2019:14:07:29 +0000	208.87.233.140	/blog/js/jqBootstrapValidation.js 
15/Apr/2019:14:07:29 +0000	208.87.233.140	/blog/js/clean-blog.min.js 
15/Apr/2019:14:07:29 +0000	208.87.233.140	/blog/vendor/font-awesome/css/font-awesome.min.css 
15/Apr/2019:14:07:29 +0000	208.87.233.140	/blog/js/contact_me.js 
15/Apr/2019:14:07:30 +0000	208.87.233.140	/IRS/ 
15/Apr/2019:15:09:37 +0000	34.219.36.191	/blog/ 
15/Apr/2019:15:09:38 +0000	34.219.36.191	/IRS/ 
15/Apr/2019:15:09:46 +0000	34.220.48.216	/blog/ 
15/Apr/2019:15:09:48 +0000	34.220.48.216	/IRS/ 
15/Apr/2019:15:12:07 +0000	188.166.98.249	/blog/ 
15/Apr/2019:15:12:07 +0000	188.166.98.249	/blog/ 
15/Apr/2019:15:12:08 +0000	188.166.98.249	/blog/ 
15/Apr/2019:15:12:08 +0000	188.166.98.249	/IRS/ 
15/Apr/2019:15:12:08 +0000	188.166.98.249	/IRS/ 
15/Apr/2019:15:12:08 +0000	188.166.98.249	/IRS/ 
15/Apr/2019:17:35:21 +0000	108.62.177.163	/blog/ 
15/Apr/2019:17:35:22 +0000	108.62.177.163	/blog/css/clean-blog.min.css 
15/Apr/2019:17:35:22 +0000	108.62.177.163	/blog/vendor/bootstrap/css/bootstrap.min.css 
15/Apr/2019:17:35:22 +0000	108.62.177.163	/blog/vendor/font-awesome/css/font-awesome.min.css 
15/Apr/2019:17:35:22 +0000	108.62.177.163	/blog/vendor/bootstrap/js/bootstrap.min.js 
15/Apr/2019:17:35:22 +0000	108.62.177.163	/blog/vendor/jquery/jquery.min.js 
15/Apr/2019:17:35:22 +0000	108.62.177.163	/blog/js/jqBootstrapValidation.js 
15/Apr/2019:17:35:22 +0000	108.62.177.163	/blog/js/contact_me.js 
15/Apr/2019:17:35:22 +0000	108.62.177.163	/blog/js/clean-blog.min.js 
15/Apr/2019:17:35:24 +0000	108.62.177.163	/blog/vendor/font-awesome/fonts/fontawesome-webfont.eot? 
15/Apr/2019:17:35:24 +0000	108.62.177.163	/blog/img/home-bg.jpg 
15/Apr/2019:17:35:26 +0000	108.62.177.163	/favicon.ico 
15/Apr/2019:17:36:25 +0000	108.62.177.163	/IRS/ 
15/Apr/2019:17:36:26 +0000	108.62.177.163	/favicon.ico 
15/Apr/2019:19:44:07 +0000	23.129.64.211	/IRS 
15/Apr/2019:19:44:08 +0000	23.129.64.211	/IRS/ 
15/Apr/2019:19:58:26 +0000	208.80.194.41	/ 
16/Apr/2019:04:43:13 +0000	204.13.201.139	/ 
16/Apr/2019:04:43:13 +0000	208.87.233.140	/ 
16/Apr/2019:05:46:16 +0000	52.12.196.134	/ 
16/Apr/2019:05:48:37 +0000	54.149.93.58	/ 
16/Apr/2019:06:55:33 +0000	54.200.223.203	/ 
16/Apr/2019:07:01:50 +0000	74.82.47.194	/IRS 
16/Apr/2019:07:01:51 +0000	74.82.47.194	/IRS/ 
16/Apr/2019:18:05:37 +0000	95.26.163.196	/IRS 
16/Apr/2019:18:05:37 +0000	95.26.163.196	/IRS/ 
16/Apr/2019:20:08:02 +0000	82.102.24.131	/ 
16/Apr/2019:21:25:24 +0000	66.249.69.130	/robots.txt 
16/Apr/2019:21:25:25 +0000	66.249.69.134	/ 
17/Apr/2019:03:57:37 +0000	198.96.155.3	/IRS 
17/Apr/2019:03:57:37 +0000	77.247.181.165	/IRS/ 
17/Apr/2019:04:40:47 +0000	204.13.201.137	/ 
17/Apr/2019:05:47:31 +0000	34.219.36.191	/ 
17/Apr/2019:06:52:30 +0000	54.200.223.203	/ 
17/Apr/2019:14:33:36 +0000	81.17.242.236	/IRS 
17/Apr/2019:14:33:37 +0000	81.17.242.236	/IRS/ 
17/Apr/2019:17:27:10 +0000	54.36.149.87	/robots.txt 
17/Apr/2019:18:45:42 +0000	209.97.134.190	/ 
17/Apr/2019:19:28:13 +0000	52.162.238.149	/blog/ 
17/Apr/2019:23:13:49 +0000	65.52.233.25	/IRS/ 
18/Apr/2019:01:21:31 +0000	54.36.149.66	/ 
18/Apr/2019:01:44:17 +0000	23.129.64.152	/IRS 
18/Apr/2019:01:44:18 +0000	23.129.64.152	/IRS/ 
18/Apr/2019:02:03:19 +0000	34.214.125.63	/ 
18/Apr/2019:04:38:35 +0000	204.13.201.138	/ 
18/Apr/2019:04:48:59 +0000	199.249.230.66	/ 
18/Apr/2019:04:57:39 +0000	85.115.52.140	/ 
18/Apr/2019:05:43:35 +0000	54.149.93.58	/ 
18/Apr/2019:05:44:22 +0000	34.220.40.173	/ 
18/Apr/2019:06:48:23 +0000	54.200.223.203	/ 
18/Apr/2019:12:40:00 +0000	91.219.239.222	/IRS 
18/Apr/2019:12:40:01 +0000	91.219.239.222	/IRS/ 
19/Apr/2019:00:18:35 +0000	89.208.29.14	/IRS 
19/Apr/2019:00:18:35 +0000	89.208.29.14	/IRS/ 
19/Apr/2019:01:13:08 +0000	52.88.236.61	/ 
19/Apr/2019:02:18:27 +0000	77.40.129.123	/IRS 
19/Apr/2019:02:18:27 +0000	77.40.129.123	/IRS/ 
19/Apr/2019:02:18:27 +0000	77.40.129.123	/favicon.ico 
19/Apr/2019:02:18:30 +0000	77.40.129.123	/favicon.ico 
19/Apr/2019:02:32:28 +0000	204.13.201.138	/IRS/ 
19/Apr/2019:02:32:28 +0000	85.115.52.140	/IRS 
19/Apr/2019:02:32:28 +0000	107.178.194.6	/IRS/ 
19/Apr/2019:02:32:28 +0000	107.178.194.6	/blog/ 
19/Apr/2019:02:32:28 +0000	85.115.52.140	/IRS/ 
19/Apr/2019:02:32:28 +0000	204.13.201.137	/blog/ 
19/Apr/2019:02:32:29 +0000	54.39.148.232	/blog/ 
19/Apr/2019:03:35:15 +0000	34.219.36.191	/blog/ 
19/Apr/2019:03:35:15 +0000	34.219.36.191	/IRS/ 
19/Apr/2019:03:37:03 +0000	188.166.98.249	/IRS/ 
19/Apr/2019:03:37:03 +0000	188.166.98.249	/blog/ 
19/Apr/2019:03:37:04 +0000	188.166.98.249	/blog/ 
19/Apr/2019:03:37:04 +0000	188.166.98.249	/IRS/ 
19/Apr/2019:03:37:04 +0000	188.166.98.249	/blog/ 
19/Apr/2019:03:37:04 +0000	188.166.98.249	/IRS/ 
19/Apr/2019:03:37:23 +0000	18.237.236.136	/IRS/ 
19/Apr/2019:03:37:24 +0000	18.237.236.136	/blog/ 
19/Apr/2019:05:32:42 +0000	37.204.17.67	/ 
19/Apr/2019:05:40:32 +0000	54.212.225.119	/ 
19/Apr/2019:07:11:11 +0000	54.200.223.203	/ 
19/Apr/2019:08:20:03 +0000	84.147.59.83	/IRS 
19/Apr/2019:08:20:05 +0000	84.147.59.83	/IRS/ 
19/Apr/2019:08:20:05 +0000	84.147.59.83	/favicon.ico 
19/Apr/2019:08:48:26 +0000	208.87.233.140	/blog 
19/Apr/2019:08:48:57 +0000	208.87.233.140	/blog/ 
19/Apr/2019:08:49:11 +0000	208.87.233.140	/blog/js/contact_me.js 
19/Apr/2019:08:49:11 +0000	208.87.233.140	/blog/js/jqBootstrapValidation.js 
19/Apr/2019:08:49:11 +0000	208.87.233.140	/blog/js/clean-blog.min.js 
19/Apr/2019:08:49:11 +0000	208.87.233.140	/blog/vendor/bootstrap/js/bootstrap.min.js 
19/Apr/2019:08:49:11 +0000	208.87.233.140	/blog/vendor/font-awesome/css/font-awesome.min.css 
19/Apr/2019:11:44:09 +0000	73.253.254.129	/IRS 
19/Apr/2019:11:44:10 +0000	73.253.254.129	/IRS/ 
19/Apr/2019:02:32:28 +0000	204.13.201.138	/IRS/ 
19/Apr/2019:02:32:28 +0000	85.115.52.140	/IRS 
19/Apr/2019:02:32:28 +0000	107.178.194.6	/IRS/ 
19/Apr/2019:02:32:28 +0000	107.178.194.6	/blog/ 
19/Apr/2019:02:32:28 +0000	85.115.52.140	/IRS/ 
19/Apr/2019:02:32:28 +0000	204.13.201.137	/blog/ 
19/Apr/2019:02:32:29 +0000	54.39.148.232	/blog/ 
19/Apr/2019:03:35:15 +0000	34.219.36.191	/blog/ 
19/Apr/2019:03:35:15 +0000	34.219.36.191	/IRS/ 
19/Apr/2019:03:37:03 +0000	188.166.98.249	/IRS/ 
19/Apr/2019:03:37:03 +0000	188.166.98.249	/blog/ 
19/Apr/2019:03:37:04 +0000	188.166.98.249	/blog/ 
19/Apr/2019:03:37:04 +0000	188.166.98.249	/IRS/ 
19/Apr/2019:03:37:04 +0000	188.166.98.249	/blog/ 
19/Apr/2019:03:37:04 +0000	188.166.98.249	/IRS/ 
19/Apr/2019:03:37:23 +0000	18.237.236.136	/IRS/ 
19/Apr/2019:03:37:24 +0000	18.237.236.136	/blog/ 
19/Apr/2019:05:32:42 +0000	37.204.17.67	/ 
19/Apr/2019:05:40:32 +0000	54.212.225.119	/ 
19/Apr/2019:07:11:11 +0000	54.200.223.203	/ 
19/Apr/2019:08:20:03 +0000	84.147.59.83	/IRS 
19/Apr/2019:08:20:05 +0000	84.147.59.83	/IRS/ 
19/Apr/2019:08:20:05 +0000	84.147.59.83	/favicon.ico 
19/Apr/2019:08:48:26 +0000	208.87.233.140	/blog 
19/Apr/2019:08:48:57 +0000	208.87.233.140	/blog/ 
19/Apr/2019:08:49:11 +0000	208.87.233.140	/blog/js/contact_me.js 
19/Apr/2019:08:49:11 +0000	208.87.233.140	/blog/js/jqBootstrapValidation.js 
19/Apr/2019:08:49:11 +0000	208.87.233.140	/blog/js/clean-blog.min.js 
19/Apr/2019:08:49:11 +0000	208.87.233.140	/blog/vendor/bootstrap/js/bootstrap.min.js 
19/Apr/2019:08:49:11 +0000	208.87.233.140	/blog/vendor/font-awesome/css/font-awesome.min.css 
19/Apr/2019:11:44:09 +0000	73.253.254.129	/IRS 
19/Apr/2019:11:44:10 +0000	73.253.254.129	/IRS/ 
19/Apr/2019:14:52:05 +0000	46.160.110.146	/ 
19/Apr/2019:21:25:26 +0000	66.249.66.156	/robots.txt 
19/Apr/2019:21:25:26 +0000	66.249.66.157	/ 
19/Apr/2019:23:56:50 +0000	194.186.142.74	/IRS 
19/Apr/2019:23:56:50 +0000	194.186.142.74	/IRS/ 
20/Apr/2019:04:36:32 +0000	85.115.52.140	/ 
20/Apr/2019:04:36:33 +0000	158.174.122.199	/ 
20/Apr/2019:05:30:31 +0000	35.161.129.48	/ 
20/Apr/2019:05:39:04 +0000	54.202.149.41	/ 
20/Apr/2019:06:41:59 +0000	54.200.223.203	/ 
20/Apr/2019:08:33:20 +0000	204.101.161.159	/ 
20/Apr/2019:11:44:03 +0000	73.253.254.129	/IRS 
20/Apr/2019:11:44:04 +0000	73.253.254.129	/IRS/ 
21/Apr/2019:02:48:02 +0000	206.253.224.14	/robots.txt 
21/Apr/2019:02:48:02 +0000	206.253.224.14	/ 
21/Apr/2019:04:31:29 +0000	204.13.201.138	/ 
21/Apr/2019:05:33:52 +0000	54.202.225.77	/ 
21/Apr/2019:05:34:02 +0000	34.222.22.128	/ 
21/Apr/2019:07:14:46 +0000	54.200.223.203	/ 
21/Apr/2019:23:12:21 +0000	107.178.194.8	/IRS/ 
21/Apr/2019:23:12:21 +0000	107.178.194.8	/blog/ 
21/Apr/2019:23:12:21 +0000	204.13.201.139	/blog/ 
21/Apr/2019:23:12:21 +0000	204.13.201.139	/IRS/ 
21/Apr/2019:23:12:22 +0000	85.115.52.140	/blog 
21/Apr/2019:23:12:22 +0000	85.115.52.140	/IRS 
21/Apr/2019:23:12:23 +0000	85.115.52.140	/blog/ 
21/Apr/2019:23:12:24 +0000	85.115.52.140	/blog/vendor/jquery/jquery.min.js 
21/Apr/2019:23:12:25 +0000	85.115.52.140	/IRS/ 
21/Apr/2019:23:12:25 +0000	85.115.52.140	/blog/vendor/font-awesome/css/font-awesome.min.css 
21/Apr/2019:23:12:26 +0000	85.115.52.140	/blog/js/clean-blog.min.js 
21/Apr/2019:23:12:26 +0000	85.115.52.140	/blog/js/jqBootstrapValidation.js 
21/Apr/2019:23:12:26 +0000	85.115.52.140	/blog/js/contact_me.js 
21/Apr/2019:23:12:26 +0000	85.115.52.140	/blog/vendor/bootstrap/js/bootstrap.min.js 
21/Apr/2019:23:13:52 +0000	52.59.102.42	/blog/ 
22/Apr/2019:00:15:06 +0000	54.149.93.58	/IRS/ 
22/Apr/2019:00:15:06 +0000	54.149.93.58	/blog/ 
22/Apr/2019:00:17:07 +0000	188.166.98.249	/IRS/ 
22/Apr/2019:00:17:07 +0000	188.166.98.249	/IRS/ 
22/Apr/2019:00:17:07 +0000	188.166.98.249	/IRS/ 
22/Apr/2019:00:17:07 +0000	188.166.98.249	/blog/ 
22/Apr/2019:00:17:08 +0000	188.166.98.249	/blog/ 
22/Apr/2019:00:17:08 +0000	188.166.98.249	/blog/ 
22/Apr/2019:00:17:17 +0000	54.202.149.41	/IRS/ 
22/Apr/2019:00:17:17 +0000	54.202.149.41	/blog/ 
22/Apr/2019:04:28:51 +0000	85.115.52.140	/ 
22/Apr/2019:04:44:16 +0000	52.26.183.191	/ 
22/Apr/2019:05:31:23 +0000	54.202.225.77	/ 
22/Apr/2019:05:34:28 +0000	54.187.29.1	/ 
22/Apr/2019:07:03:48 +0000	54.200.223.203	/ 
22/Apr/2019:21:25:26 +0000	66.249.69.134	/robots.txt 
22/Apr/2019:21:25:26 +0000	66.249.69.132	/ 
22/Apr/2019:22:43:04 +0000	208.80.194.41	/ 
23/Apr/2019:05:42:34 +0000	34.214.188.65	/ 
23/Apr/2019:05:46:16 +0000	52.34.200.178	/ 
23/Apr/2019:06:47:33 +0000	54.200.223.203	/ 
23/Apr/2019:14:50:14 +0000	115.89.74.126	/ 
23/Apr/2019:17:52:23 +0000	52.240.136.189	/ 
23/Apr/2019:19:38:14 +0000	54.36.150.178	/robots.txt 
23/Apr/2019:19:38:15 +0000	54.36.150.35	/ 
24/Apr/2019:02:56:07 +0000	35.167.93.26	/ 
24/Apr/2019:04:24:21 +0000	204.13.201.139	/ 
24/Apr/2019:04:24:22 +0000	85.115.52.140	/ 
24/Apr/2019:05:27:06 +0000	34.220.40.173	/ 
24/Apr/2019:06:27:09 +0000	54.200.223.203	/ 
24/Apr/2019:09:33:03 +0000	157.230.151.72	/wp-login.php 
25/Apr/2019:03:45:41 +0000	35.161.17.157	/ 
25/Apr/2019:05:25:34 +0000	34.216.174.34	/ 
25/Apr/2019:06:59:31 +0000	54.200.223.203	/ 
25/Apr/2019:21:25:27 +0000	66.249.64.112	/robots.txt 
25/Apr/2019:21:25:27 +0000	66.249.64.112	/ 
