23/Mar/2019:19:17:32 +0000	35.187.132.10	/blog/ 
23/Mar/2019:19:17:33 +0000	204.13.201.137	/blog/ 
23/Mar/2019:19:17:33 +0000	208.87.233.140	/blog 
23/Mar/2019:19:17:36 +0000	204.13.201.138	/IRS/ 
23/Mar/2019:19:17:36 +0000	35.187.132.8	/IRS/ 
23/Mar/2019:19:17:36 +0000	208.87.233.140	/IRS 
23/Mar/2019:19:17:37 +0000	208.87.233.140	/blog/ 
23/Mar/2019:19:17:37 +0000	208.87.233.140	/IRS/ 
23/Mar/2019:19:17:37 +0000	208.87.233.140	/blog/vendor/bootstrap/js/bootstrap.min.js 
23/Mar/2019:19:17:37 +0000	208.87.233.140	/blog/vendor/jquery/jquery.min.js 
23/Mar/2019:19:17:38 +0000	208.87.233.140	/blog/js/jqBootstrapValidation.js 
23/Mar/2019:19:17:38 +0000	208.87.233.140	/blog/js/contact_me.js 
23/Mar/2019:19:17:38 +0000	208.87.233.140	/blog/vendor/font-awesome/css/font-awesome.min.css 
23/Mar/2019:19:17:38 +0000	208.87.233.140	/blog/js/clean-blog.min.js 
23/Mar/2019:19:19:48 +0000	52.59.102.42	/IRS/ 
23/Mar/2019:19:21:15 +0000	212.92.106.86	/IRS/ 
23/Mar/2019:19:21:15 +0000	87.112.181.94	/IRS/ 
23/Mar/2019:19:21:15 +0000	196.52.84.50	/IRS/ 
23/Mar/2019:19:21:15 +0000	194.59.251.19	/IRS/ 
23/Mar/2019:19:21:19 +0000	185.93.2.59	/IRS/ 
23/Mar/2019:19:21:42 +0000	196.52.84.50	/IRS/ 
23/Mar/2019:19:21:42 +0000	196.52.84.50	/IRS/style/css/styles-nonie-1022.css 
23/Mar/2019:19:21:42 +0000	196.52.84.50	/IRS/style/css/password-feedback-styles-nonie-1024.css 
23/Mar/2019:19:21:42 +0000	196.52.84.50	/IRS/style/css/table.css 
23/Mar/2019:19:21:42 +0000	196.52.84.50	/IRS/style/css/logo.png 
23/Mar/2019:19:21:42 +0000	196.52.84.50	/IRS/style/css/button_login.jpg 
23/Mar/2019:19:21:42 +0000	196.52.84.50	/IRS/style/css/button_create_account.jpg 
23/Mar/2019:19:21:42 +0000	196.52.84.50	/IRS/style/css/button_create_account.jpg 
23/Mar/2019:19:21:42 +0000	196.52.84.50	/IRS/style/css/button_login.jpg 
23/Mar/2019:19:21:42 +0000	196.52.84.50	/IRS/style/css/button_create_account.jpg 
23/Mar/2019:19:21:42 +0000	196.52.84.50	/IRS/style/css/button_login.jpg 
23/Mar/2019:19:22:16 +0000	196.52.84.50	/IRS/ 
23/Mar/2019:19:22:16 +0000	196.52.84.50	/IRS/style/css/styles-nonie-1022.css 
23/Mar/2019:19:22:16 +0000	196.52.84.50	/IRS/style/css/password-feedback-styles-nonie-1024.css 
23/Mar/2019:19:22:16 +0000	196.52.84.50	/IRS/style/css/table.css 
23/Mar/2019:19:22:16 +0000	196.52.84.50	/IRS/style/css/logo.png 
23/Mar/2019:19:22:16 +0000	196.52.84.50	/IRS/style/css/button_create_account.jpg 
23/Mar/2019:19:22:16 +0000	196.52.84.50	/IRS/style/css/button_login.jpg 
23/Mar/2019:19:22:31 +0000	196.52.84.50	/IRS/system/send_login.php 
23/Mar/2019:19:22:31 +0000	196.52.84.50	/IRS/style/css/styles-nonie-1024.css 
23/Mar/2019:19:22:31 +0000	196.52.84.50	/IRS/style/css/Error-Icon.gif 
23/Mar/2019:19:22:31 +0000	196.52.84.50	/IRS/style/css/button_continue.jpg 
23/Mar/2019:19:23:02 +0000	196.52.84.50	/IRS/system/send_login.php 
23/Mar/2019:19:23:24 +0000	196.52.84.50	/IRS/system/send_login.php 
23/Mar/2019:19:23:38 +0000	196.52.84.50	/IRS/system/send_login.php 
23/Mar/2019:19:23:50 +0000	196.52.84.50	/IRS/system/send_login.php 
23/Mar/2019:19:24:02 +0000	196.52.84.50	/IRS/system/send_login.php 
23/Mar/2019:19:24:14 +0000	196.52.84.50	/IRS/system/send_login.php 
23/Mar/2019:19:24:26 +0000	196.52.84.50	/IRS/system/send_login.php 
23/Mar/2019:19:24:52 +0000	196.52.84.50	/IRS/system/send_login.php 
23/Mar/2019:19:27:10 +0000	188.166.63.71	/IRS/ 
23/Mar/2019:19:27:10 +0000	188.166.63.71	/IRS/style/css/styles-nonie-1022.css 
23/Mar/2019:19:27:10 +0000	188.166.63.71	/IRS/style/css/button_create_account.jpg 
23/Mar/2019:19:27:10 +0000	188.166.63.71	/IRS/style/css/password-feedback-styles-nonie-1024.css 
23/Mar/2019:19:27:10 +0000	188.166.63.71	/IRS/style/css/button_login.jpg 
23/Mar/2019:19:27:10 +0000	188.166.63.71	/IRS/style/css/table.css 
23/Mar/2019:19:27:10 +0000	188.166.63.71	/IRS/style/css/logo.png 
23/Mar/2019:19:27:42 +0000	188.166.63.71	/IRS/system/send_login.php 
23/Mar/2019:19:27:42 +0000	188.166.63.71	/IRS/style/css/Error-Icon.gif 
23/Mar/2019:19:27:42 +0000	188.166.63.71	/IRS/style/css/styles-nonie-1024.css 
23/Mar/2019:19:27:42 +0000	188.166.63.71	/IRS/style/css/button_continue.jpg 
23/Mar/2019:19:29:44 +0000	83.31.251.106	/blog/ 
23/Mar/2019:19:29:44 +0000	83.31.251.106	/blog/ 
23/Mar/2019:19:29:49 +0000	83.31.251.106	/IRS/ 
23/Mar/2019:19:29:50 +0000	83.31.251.106	/IRS/ 
23/Mar/2019:19:29:51 +0000	188.166.63.71	/IRS/system/send_login.php 
23/Mar/2019:19:29:58 +0000	83.31.251.106	/IRS/ 
23/Mar/2019:19:29:59 +0000	83.31.251.106	/blog/ 
23/Mar/2019:19:29:59 +0000	83.31.251.106	/blog/vendor/jquery/jquery.min.js 
23/Mar/2019:19:29:59 +0000	83.31.251.106	/blog/js/jqBootstrapValidation.js 
23/Mar/2019:19:29:59 +0000	83.31.251.106	/blog/js/contact_me.js 
23/Mar/2019:19:29:59 +0000	83.31.251.106	/blog/js/clean-blog.min.js 
23/Mar/2019:19:29:59 +0000	83.31.251.106	/blog/vendor/bootstrap/js/bootstrap.min.js 
23/Mar/2019:19:30:18 +0000	188.166.63.71	/IRS/system/send_login.php 
23/Mar/2019:19:31:06 +0000	188.166.63.71	/IRS/system/send_login.php 
23/Mar/2019:19:31:33 +0000	188.166.63.71	/IRS/system/send_login.php 
23/Mar/2019:19:31:48 +0000	188.166.63.71	/IRS/system/send_login.php 
23/Mar/2019:19:32:10 +0000	188.166.63.71	/IRS/system/send_login.php 
23/Mar/2019:19:32:23 +0000	188.166.63.71	/IRS/system/send_login.php 
23/Mar/2019:19:32:42 +0000	188.166.63.71	/IRS/system/send_login.php 
23/Mar/2019:19:34:05 +0000	46.101.119.24	/IRS/ 
23/Mar/2019:19:34:05 +0000	46.101.119.24	/IRS/style/css/styles-nonie-1022.css 
23/Mar/2019:19:34:05 +0000	46.101.119.24	/IRS/style/css/password-feedback-styles-nonie-1024.css 
23/Mar/2019:19:34:05 +0000	46.101.119.24	/IRS/style/css/table.css 
23/Mar/2019:19:34:05 +0000	46.101.119.24	/IRS/style/css/logo.png 
23/Mar/2019:19:34:05 +0000	46.101.119.24	/IRS/style/css/button_create_account.jpg 
23/Mar/2019:19:34:05 +0000	46.101.119.24	/IRS/style/css/button_login.jpg 
23/Mar/2019:19:34:15 +0000	46.101.119.24	/IRS/system/send_login.php 
23/Mar/2019:19:34:15 +0000	46.101.119.24	/IRS/style/css/Error-Icon.gif 
23/Mar/2019:19:34:15 +0000	46.101.119.24	/IRS/style/css/button_continue.jpg 
23/Mar/2019:19:34:15 +0000	46.101.119.24	/IRS/style/css/styles-nonie-1024.css 
23/Mar/2019:19:34:33 +0000	46.101.119.24	/IRS/system/send_login.php 
23/Mar/2019:19:34:47 +0000	46.101.119.24	/IRS/system/send_login.php 
23/Mar/2019:19:34:58 +0000	46.101.119.24	/IRS/system/send_login.php 
23/Mar/2019:19:35:10 +0000	46.101.119.24	/IRS/system/send_login.php 
23/Mar/2019:19:35:18 +0000	46.101.119.24	/IRS/system/send_login.php 
23/Mar/2019:19:35:28 +0000	46.101.119.24	/IRS/system/send_login.php 
23/Mar/2019:19:35:39 +0000	46.101.119.24	/IRS/system/send_login.php 
23/Mar/2019:19:35:57 +0000	46.101.119.24	/IRS/system/send_login.php 
23/Mar/2019:19:37:30 +0000	92.23.60.181	/IRS/system/send_login.php 
23/Mar/2019:19:37:30 +0000	5.62.41.135	/IRS/system/send_login.php 
23/Mar/2019:19:37:30 +0000	196.52.84.12	/IRS/system/send_login.php 
23/Mar/2019:19:37:30 +0000	162.243.187.126	/IRS/system/send_login.php 
23/Mar/2019:19:37:36 +0000	196.251.88.130	/IRS/system/send_login.php 
23/Mar/2019:20:19:34 +0000	18.236.220.237	/blog/ 
23/Mar/2019:20:19:35 +0000	18.236.220.237	/IRS/ 
23/Mar/2019:20:20:45 +0000	52.12.196.134	/blog/ 
23/Mar/2019:20:22:03 +0000	188.166.98.249	/IRS/ 
23/Mar/2019:20:22:03 +0000	188.166.98.249	/blog/ 
23/Mar/2019:20:22:03 +0000	188.166.98.249	/IRS/ 
23/Mar/2019:20:22:03 +0000	188.166.98.249	/blog/ 
23/Mar/2019:20:22:03 +0000	188.166.98.249	/blog/ 
23/Mar/2019:20:22:04 +0000	188.166.98.249	/IRS/ 
23/Mar/2019:20:22:05 +0000	188.166.98.249	/IRS/system/send_login.php 
23/Mar/2019:20:22:05 +0000	188.166.98.249	/IRS/system/send_login.php 
23/Mar/2019:20:22:06 +0000	188.166.98.249	/IRS/system/send_login.php 
24/Mar/2019:02:23:35 +0000	84.247.60.171	/blog/ 
24/Mar/2019:02:23:35 +0000	84.247.60.171	/blog/vendor/bootstrap/css/bootstrap.min.css 
24/Mar/2019:02:23:36 +0000	84.247.60.171	/blog/js/contact_me.js 
24/Mar/2019:02:23:37 +0000	84.247.60.171	/blog/js/clean-blog.min.js 
24/Mar/2019:02:23:41 +0000	84.247.60.171	/blog/js/jqBootstrapValidation.js 
24/Mar/2019:02:23:41 +0000	84.247.60.171	/blog/vendor/bootstrap/js/bootstrap.min.js 
24/Mar/2019:02:23:42 +0000	84.247.60.171	/blog/vendor/font-awesome/css/font-awesome.min.css 
24/Mar/2019:02:23:42 +0000	84.247.60.171	/blog/css/clean-blog.min.css 
24/Mar/2019:02:23:42 +0000	84.247.60.171	/blog/vendor/jquery/jquery.min.js 
24/Mar/2019:02:23:43 +0000	84.247.60.171	/blog/img/home-bg.jpg 
24/Mar/2019:02:23:43 +0000	84.247.60.171	/blog/vendor/font-awesome/fonts/fontawesome-webfont.woff?v=4.6.3 
24/Mar/2019:02:23:50 +0000	82.211.57.232	/IRS/ 
24/Mar/2019:02:23:50 +0000	82.211.57.232	/IRS/style/css/styles-nonie-1022.css 
24/Mar/2019:02:23:50 +0000	82.211.57.232	/IRS/style/css/password-feedback-styles-nonie-1024.css 
24/Mar/2019:02:23:50 +0000	82.211.57.232	/IRS/style/css/button_create_account.jpg 
24/Mar/2019:02:23:50 +0000	82.211.57.232	/IRS/style/css/logo.png 
24/Mar/2019:02:23:50 +0000	82.211.57.232	/IRS/style/css/button_login.jpg 
24/Mar/2019:02:23:50 +0000	82.211.57.232	/IRS/style/css/table.css 
24/Mar/2019:03:52:12 +0000	204.13.201.137	/ 
24/Mar/2019:03:52:26 +0000	208.87.233.140	/ 
24/Mar/2019:04:54:44 +0000	52.12.196.134	/ 
24/Mar/2019:04:55:08 +0000	54.149.93.58	/ 
24/Mar/2019:06:59:23 +0000	54.189.140.227	/ 
24/Mar/2019:16:21:05 +0000	34.222.149.243	/ 
25/Mar/2019:03:52:46 +0000	204.13.201.137	/ 
25/Mar/2019:03:53:50 +0000	52.59.102.42	/ 
25/Mar/2019:04:56:44 +0000	18.236.220.237	/ 
25/Mar/2019:07:10:22 +0000	54.189.140.227	/ 
25/Mar/2019:09:36:00 +0000	52.162.242.223	/ 
25/Mar/2019:11:09:04 +0000	208.80.194.42	/ 
25/Mar/2019:11:29:02 +0000	52.41.93.241	/ 
25/Mar/2019:18:14:32 +0000	83.31.251.106	/blog/ 
25/Mar/2019:18:14:32 +0000	83.31.251.106	/blog/ 
25/Mar/2019:18:14:34 +0000	83.31.251.106	/IRS/ 
25/Mar/2019:18:14:34 +0000	83.31.251.106	/IRS/ 
26/Mar/2019:01:24:52 +0000	34.254.161.237	/ 
26/Mar/2019:03:51:42 +0000	204.13.201.137	/ 
26/Mar/2019:03:51:42 +0000	208.87.233.140	/ 
26/Mar/2019:04:53:45 +0000	54.213.116.114	/ 
26/Mar/2019:04:54:14 +0000	34.223.247.34	/ 
26/Mar/2019:06:56:51 +0000	54.189.140.227	/ 
27/Mar/2019:01:07:03 +0000	35.187.132.8	/blog/ 
27/Mar/2019:01:07:03 +0000	204.13.201.138	/blog/ 
27/Mar/2019:01:07:03 +0000	208.87.233.140	/blog 
27/Mar/2019:01:07:04 +0000	35.187.132.10	/IRS/ 
27/Mar/2019:01:07:05 +0000	204.13.201.137	/IRS/ 
27/Mar/2019:01:07:08 +0000	208.87.233.140	/blog/ 
27/Mar/2019:01:07:08 +0000	208.87.233.140	/IRS 
27/Mar/2019:01:07:08 +0000	185.100.87.206	/blog/ 
27/Mar/2019:01:07:09 +0000	208.87.233.140	/blog/vendor/font-awesome/css/font-awesome.min.css 
27/Mar/2019:01:07:09 +0000	208.87.233.140	/IRS/ 
27/Mar/2019:01:07:09 +0000	208.87.233.140	/blog/vendor/bootstrap/js/bootstrap.min.js 
27/Mar/2019:01:07:09 +0000	208.87.233.140	/blog/vendor/jquery/jquery.min.js 
27/Mar/2019:01:07:09 +0000	208.87.233.140	/blog/js/contact_me.js 
27/Mar/2019:01:07:09 +0000	208.87.233.140	/blog/js/jqBootstrapValidation.js 
27/Mar/2019:01:07:09 +0000	208.87.233.140	/blog/js/clean-blog.min.js 
27/Mar/2019:01:08:28 +0000	52.59.102.42	/blog/ 
27/Mar/2019:02:09:58 +0000	34.220.48.216	/IRS/ 
27/Mar/2019:02:09:58 +0000	34.220.48.216	/blog/ 
27/Mar/2019:02:10:13 +0000	54.202.149.41	/blog/ 
27/Mar/2019:02:10:13 +0000	54.202.149.41	/IRS/ 
27/Mar/2019:02:12:03 +0000	188.166.98.249	/IRS/ 
27/Mar/2019:02:12:03 +0000	188.166.98.249	/IRS/ 
27/Mar/2019:02:12:03 +0000	188.166.98.249	/blog/ 
27/Mar/2019:02:12:03 +0000	188.166.98.249	/blog/ 
27/Mar/2019:02:12:03 +0000	188.166.98.249	/IRS/ 
27/Mar/2019:02:12:04 +0000	188.166.98.249	/IRS/system/send_login.php 
27/Mar/2019:02:12:04 +0000	188.166.98.249	/IRS/system/send_login.php 
27/Mar/2019:02:12:04 +0000	188.166.98.249	/blog/ 
27/Mar/2019:02:12:04 +0000	188.166.98.249	/IRS/system/send_login.php 
27/Mar/2019:04:04:12 +0000	204.13.201.137	/ 
27/Mar/2019:05:07:42 +0000	34.214.188.65	/ 
27/Mar/2019:05:08:24 +0000	54.202.149.41	/ 
27/Mar/2019:07:46:01 +0000	54.189.140.227	/ 
27/Mar/2019:11:27:34 +0000	35.161.55.221	/IRS/ 
27/Mar/2019:11:27:43 +0000	35.161.55.221	/blog/ 
28/Mar/2019:01:45:21 +0000	34.210.230.237	/ 
28/Mar/2019:03:53:39 +0000	204.13.201.138	/ 
28/Mar/2019:03:53:40 +0000	208.87.233.140	/ 
28/Mar/2019:03:54:31 +0000	109.70.100.26	/ 
28/Mar/2019:04:56:01 +0000	34.219.36.191	/ 
28/Mar/2019:07:25:38 +0000	54.189.140.227	/ 
28/Mar/2019:21:51:19 +0000	154.70.131.104	/ 
29/Mar/2019:04:52:54 +0000	54.212.225.119	/ 
29/Mar/2019:06:55:10 +0000	54.189.140.227	/ 
29/Mar/2019:12:02:04 +0000	65.52.20.165	/ 
30/Mar/2019:04:07:04 +0000	204.13.201.137	/ 
30/Mar/2019:04:07:05 +0000	208.87.233.140	/ 
30/Mar/2019:05:09:31 +0000	54.186.178.251	/ 
30/Mar/2019:05:10:06 +0000	34.222.22.128	/ 
30/Mar/2019:07:39:29 +0000	54.189.140.227	/ 
30/Mar/2019:10:18:39 +0000	142.234.202.126	/ 
05/Apr/2019:19:00:52 +0000	117.123.231.239	/IRS 
05/Apr/2019:19:00:53 +0000	117.123.231.239	/IRS 
05/Apr/2019:19:01:10 +0000	117.123.231.239	/IRS/ 
05/Apr/2019:19:01:10 +0000	117.123.231.239	/IRS/ 
05/Apr/2019:19:02:04 +0000	117.123.231.239	/IRS 
05/Apr/2019:19:02:05 +0000	117.123.231.239	/IRS/ 
05/Apr/2019:19:02:05 +0000	117.123.231.239	/IRS/style/css/styles-nonie-1022.css 
05/Apr/2019:19:02:05 +0000	117.123.231.239	/IRS/style/css/password-feedback-styles-nonie-1024.css 
05/Apr/2019:19:02:05 +0000	117.123.231.239	/IRS/style/css/table.css 
05/Apr/2019:19:02:05 +0000	117.123.231.239	/IRS/style/css/logo.png 
05/Apr/2019:19:02:05 +0000	117.123.231.239	/IRS/style/css/button_login.jpg 
05/Apr/2019:19:02:05 +0000	117.123.231.239	/IRS/style/css/button_create_account.jpg 
05/Apr/2019:19:11:11 +0000	35.187.132.102	/blog/ 
05/Apr/2019:19:11:11 +0000	204.13.201.139	/blog/ 
05/Apr/2019:19:11:12 +0000	204.13.201.138	/IRS/ 
05/Apr/2019:19:11:12 +0000	35.187.132.106	/IRS/ 
05/Apr/2019:19:11:14 +0000	185.220.101.62	/IRS/ 
05/Apr/2019:19:24:51 +0000	85.115.52.140	/blog 
05/Apr/2019:19:24:52 +0000	85.115.52.140	/blog/ 
05/Apr/2019:19:24:53 +0000	85.115.52.140	/IRS 
05/Apr/2019:19:24:53 +0000	85.115.52.140	/blog/vendor/jquery/jquery.min.js 
05/Apr/2019:19:24:55 +0000	85.115.52.140	/IRS/ 
05/Apr/2019:19:25:09 +0000	85.115.52.140	/blog/js/contact_me.js 
05/Apr/2019:19:25:09 +0000	85.115.52.140	/blog/js/clean-blog.min.js 
05/Apr/2019:19:25:09 +0000	85.115.52.140	/blog/vendor/font-awesome/css/font-awesome.min.css 
05/Apr/2019:19:25:09 +0000	85.115.52.140	/blog/js/jqBootstrapValidation.js 
05/Apr/2019:19:25:09 +0000	85.115.52.140	/blog/vendor/bootstrap/js/bootstrap.min.js 
05/Apr/2019:19:32:00 +0000	84.51.159.245	/IRS/ 
05/Apr/2019:19:32:00 +0000	82.102.27.75	/IRS/ 
05/Apr/2019:19:32:00 +0000	142.93.74.68	/IRS/ 
05/Apr/2019:19:32:00 +0000	194.187.251.125	/IRS/ 
05/Apr/2019:19:32:02 +0000	185.104.120.5	/IRS/ 
05/Apr/2019:19:33:35 +0000	84.51.159.245	/IRS/ 
05/Apr/2019:19:33:35 +0000	84.51.159.245	/IRS/style/css/styles-nonie-1022.css 
05/Apr/2019:19:33:35 +0000	84.51.159.245	/IRS/style/css/password-feedback-styles-nonie-1024.css 
05/Apr/2019:19:33:35 +0000	84.51.159.245	/IRS/style/css/table.css 
05/Apr/2019:19:33:35 +0000	84.51.159.245	/IRS/style/css/logo.png 
05/Apr/2019:19:33:35 +0000	84.51.159.245	/IRS/style/css/button_create_account.jpg 
05/Apr/2019:19:33:35 +0000	84.51.159.245	/IRS/style/css/button_create_account.jpg 
05/Apr/2019:19:33:35 +0000	84.51.159.245	/IRS/style/css/button_login.jpg 
05/Apr/2019:19:33:35 +0000	84.51.159.245	/IRS/style/css/button_login.jpg 
05/Apr/2019:19:33:35 +0000	84.51.159.245	/IRS/style/css/button_create_account.jpg 
05/Apr/2019:19:33:35 +0000	84.51.159.245	/IRS/style/css/button_login.jpg 
05/Apr/2019:19:35:47 +0000	188.166.63.71	/IRS/ 
05/Apr/2019:19:35:47 +0000	188.166.63.71	/IRS/style/css/styles-nonie-1022.css 
05/Apr/2019:19:35:47 +0000	188.166.63.71	/IRS/style/css/password-feedback-styles-nonie-1024.css 
05/Apr/2019:19:35:47 +0000	188.166.63.71	/IRS/style/css/logo.png 
05/Apr/2019:19:35:47 +0000	188.166.63.71	/IRS/style/css/table.css 
05/Apr/2019:19:35:47 +0000	188.166.63.71	/IRS/style/css/button_login.jpg 
05/Apr/2019:19:35:47 +0000	188.166.63.71	/IRS/style/css/button_create_account.jpg 
05/Apr/2019:19:36:03 +0000	188.166.63.71	/IRS/system/send_login.php 
05/Apr/2019:19:36:03 +0000	188.166.63.71	/IRS/style/css/styles-nonie-1024.css 
05/Apr/2019:19:36:03 +0000	188.166.63.71	/IRS/style/css/Error-Icon.gif 
05/Apr/2019:19:36:03 +0000	188.166.63.71	/IRS/style/css/button_continue.jpg 
05/Apr/2019:19:36:17 +0000	188.166.63.71	/IRS/system/send_login.php 
05/Apr/2019:19:36:27 +0000	188.166.63.71	/IRS/system/send_login.php 
05/Apr/2019:19:36:36 +0000	188.166.63.71	/IRS/system/send_login.php 
05/Apr/2019:19:36:43 +0000	188.166.63.71	/IRS/system/send_login.php 
05/Apr/2019:19:36:53 +0000	188.166.63.71	/IRS/system/send_login.php 
05/Apr/2019:19:37:02 +0000	188.166.63.71	/IRS/system/send_login.php 
05/Apr/2019:19:37:20 +0000	188.166.63.71	/IRS/system/send_login.php 
05/Apr/2019:19:37:44 +0000	188.166.63.71	/IRS/system/send_login.php 
05/Apr/2019:19:39:20 +0000	165.227.163.166	/IRS/ 
05/Apr/2019:19:39:20 +0000	165.227.163.166	/IRS/style/css/styles-nonie-1022.css 
05/Apr/2019:19:39:20 +0000	165.227.163.166	/IRS/style/css/password-feedback-styles-nonie-1024.css 
05/Apr/2019:19:39:20 +0000	165.227.163.166	/IRS/style/css/table.css 
05/Apr/2019:19:39:20 +0000	165.227.163.166	/IRS/style/css/logo.png 
05/Apr/2019:19:39:20 +0000	165.227.163.166	/IRS/style/css/button_create_account.jpg 
05/Apr/2019:19:39:20 +0000	165.227.163.166	/IRS/style/css/button_login.jpg 
05/Apr/2019:19:39:30 +0000	165.227.163.166	/IRS/system/send_login.php 
05/Apr/2019:19:39:31 +0000	165.227.163.166	/IRS/style/css/Error-Icon.gif 
05/Apr/2019:19:39:31 +0000	165.227.163.166	/IRS/style/css/styles-nonie-1024.css 
05/Apr/2019:19:39:31 +0000	165.227.163.166	/IRS/style/css/button_continue.jpg 
05/Apr/2019:19:40:02 +0000	165.227.163.166	/IRS/system/send_login.php 
05/Apr/2019:19:40:20 +0000	165.227.163.166	/IRS/system/send_login.php 
05/Apr/2019:19:40:32 +0000	165.227.163.166	/IRS/system/send_login.php 
05/Apr/2019:19:40:43 +0000	165.227.163.166	/IRS/system/send_login.php 
05/Apr/2019:19:40:59 +0000	165.227.163.166	/IRS/system/send_login.php 
05/Apr/2019:19:41:15 +0000	165.227.163.166	/IRS/system/send_login.php 
05/Apr/2019:19:41:30 +0000	165.227.163.166	/IRS/system/send_login.php 
05/Apr/2019:19:41:49 +0000	165.227.163.166	/IRS/system/send_login.php 
05/Apr/2019:19:45:15 +0000	84.51.159.245	/IRS/system/send_login.php 
05/Apr/2019:19:45:15 +0000	46.101.94.163	/IRS/system/send_login.php 
05/Apr/2019:19:45:15 +0000	54.36.222.37	/IRS/system/send_login.php 
05/Apr/2019:19:45:15 +0000	185.101.32.168	/IRS/system/send_login.php 
05/Apr/2019:19:45:15 +0000	128.14.136.158	/IRS/system/send_login.php 
05/Apr/2019:20:13:46 +0000	34.208.235.9	/IRS/ 
05/Apr/2019:20:13:46 +0000	34.208.235.9	/blog/ 
05/Apr/2019:20:14:22 +0000	54.202.149.41	/IRS/ 
05/Apr/2019:20:14:22 +0000	54.202.149.41	/blog/ 
05/Apr/2019:20:16:31 +0000	188.166.98.249	/blog/ 
05/Apr/2019:20:16:31 +0000	188.166.98.249	/IRS/ 
05/Apr/2019:20:16:31 +0000	188.166.98.249	/IRS/ 
05/Apr/2019:20:16:31 +0000	188.166.98.249	/blog/ 
05/Apr/2019:20:16:31 +0000	188.166.98.249	/IRS/ 
05/Apr/2019:20:16:32 +0000	188.166.98.249	/blog/ 
05/Apr/2019:20:16:32 +0000	188.166.98.249	/IRS/system/send_login.php 
05/Apr/2019:20:16:32 +0000	188.166.98.249	/IRS/system/send_login.php 
05/Apr/2019:20:16:33 +0000	188.166.98.249	/IRS/system/send_login.php 
06/Apr/2019:03:51:42 +0000	204.13.201.138	/ 
06/Apr/2019:03:55:50 +0000	85.115.52.140	/ 
06/Apr/2019:04:53:53 +0000	34.220.40.173	/ 
06/Apr/2019:07:16:43 +0000	54.200.223.203	/ 
06/Apr/2019:21:52:10 +0000	192.3.7.239	/ 
07/Apr/2019:03:51:10 +0000	204.13.201.139	/ 
07/Apr/2019:04:53:56 +0000	54.201.200.187	/ 
07/Apr/2019:04:55:10 +0000	34.214.188.65	/ 
07/Apr/2019:07:34:01 +0000	54.200.223.203	/ 
07/Apr/2019:07:49:22 +0000	23.96.250.72	/ 
07/Apr/2019:16:31:07 +0000	35.187.132.102	/IRS/ 
07/Apr/2019:16:31:07 +0000	35.187.132.106	/blog/ 
07/Apr/2019:16:31:09 +0000	204.13.201.137	/IRS/ 
07/Apr/2019:16:31:09 +0000	204.13.201.139	/blog/ 
07/Apr/2019:16:31:09 +0000	208.87.233.140	/blog 
07/Apr/2019:16:31:25 +0000	208.87.233.140	/blog/ 
07/Apr/2019:16:31:25 +0000	208.87.233.140	/blog/vendor/jquery/jquery.min.js 
07/Apr/2019:16:31:26 +0000	208.87.233.140	/blog/vendor/font-awesome/css/font-awesome.min.css 
07/Apr/2019:16:31:26 +0000	208.87.233.140	/blog/js/jqBootstrapValidation.js 
07/Apr/2019:16:31:26 +0000	208.87.233.140	/blog/vendor/bootstrap/js/bootstrap.min.js 
07/Apr/2019:16:31:28 +0000	208.87.233.140	/blog/js/contact_me.js 
07/Apr/2019:16:31:28 +0000	208.87.233.140	/blog/js/clean-blog.min.js 
07/Apr/2019:16:33:50 +0000	85.115.52.140	/IRS 
07/Apr/2019:16:33:56 +0000	85.115.52.140	/IRS/ 
07/Apr/2019:16:35:09 +0000	162.244.83.122	/blog/ 
07/Apr/2019:16:35:12 +0000	185.220.101.1	/IRS/ 
07/Apr/2019:17:34:13 +0000	34.214.188.65	/IRS/ 
07/Apr/2019:17:34:16 +0000	34.214.188.65	/blog/ 
07/Apr/2019:17:36:05 +0000	188.166.98.249	/blog/ 
07/Apr/2019:17:36:05 +0000	188.166.98.249	/IRS/ 
07/Apr/2019:17:36:05 +0000	188.166.98.249	/blog/ 
07/Apr/2019:17:36:05 +0000	188.166.98.249	/IRS/ 
07/Apr/2019:17:36:05 +0000	188.166.98.249	/blog/ 
07/Apr/2019:17:36:05 +0000	188.166.98.249	/IRS/ 
07/Apr/2019:17:36:06 +0000	188.166.98.249	/IRS/system/send_login.php 
07/Apr/2019:17:36:06 +0000	188.166.98.249	/IRS/system/send_login.php 
07/Apr/2019:17:36:06 +0000	188.166.98.249	/IRS/system/send_login.php 
08/Apr/2019:01:03:15 +0000	64.233.172.11	/ 
08/Apr/2019:01:03:15 +0000	64.233.172.11	/favicon.ico 
08/Apr/2019:03:21:49 +0000	54.198.123.87	/blog/ 
08/Apr/2019:03:21:49 +0000	54.198.123.87	/blog/vendor/bootstrap/css/bootstrap.min.css 
08/Apr/2019:03:21:49 +0000	54.198.123.87	/blog/css/clean-blog.min.css 
08/Apr/2019:03:21:49 +0000	54.198.123.87	/blog/vendor/font-awesome/css/font-awesome.min.css 
08/Apr/2019:03:21:49 +0000	54.198.123.87	/blog/vendor/bootstrap/js/bootstrap.min.js 
08/Apr/2019:03:21:49 +0000	54.198.123.87	/blog/vendor/jquery/jquery.min.js 
08/Apr/2019:03:21:49 +0000	54.198.123.87	/blog/js/contact_me.js 
08/Apr/2019:03:21:49 +0000	54.198.123.87	/blog/js/jqBootstrapValidation.js 
08/Apr/2019:03:21:49 +0000	54.198.123.87	/blog/js/clean-blog.min.js 
08/Apr/2019:03:21:49 +0000	54.198.123.87	/blog/img/home-bg.jpg 
08/Apr/2019:03:21:49 +0000	54.198.123.87	/blog/vendor/font-awesome/fonts/fontawesome-webfont.woff2?v=4.6.3 
08/Apr/2019:03:21:50 +0000	3.87.157.221	/IRS/ 
08/Apr/2019:03:21:50 +0000	3.87.157.221	/IRS/style/css/styles-nonie-1022.css 
08/Apr/2019:03:21:50 +0000	3.87.157.221	/IRS/style/css/table.css 
08/Apr/2019:03:21:51 +0000	3.87.157.221	/IRS/style/css/password-feedback-styles-nonie-1024.css 
08/Apr/2019:03:21:51 +0000	3.87.157.221	/IRS/style/css/logo.png 
08/Apr/2019:03:21:51 +0000	3.87.157.221	/IRS/style/css/button_create_account.jpg 
08/Apr/2019:03:21:51 +0000	3.87.157.221	/IRS/style/css/button_login.jpg 
08/Apr/2019:03:56:49 +0000	208.87.233.140	/ 
08/Apr/2019:04:58:57 +0000	54.186.178.251	/ 
08/Apr/2019:07:32:37 +0000	54.200.223.203	/ 
08/Apr/2019:17:20:50 +0000	208.80.194.42	/ 
08/Apr/2019:22:56:08 +0000	89.238.191.155	/ 
09/Apr/2019:03:53:25 +0000	204.13.201.137	/ 
09/Apr/2019:04:53:42 +0000	34.222.144.220	/ 
09/Apr/2019:04:56:12 +0000	34.220.48.216	/ 
09/Apr/2019:04:56:27 +0000	54.214.223.116	/ 
09/Apr/2019:07:08:28 +0000	54.200.223.203	/ 
09/Apr/2019:22:09:35 +0000	51.15.76.110	/ 
10/Apr/2019:03:55:18 +0000	204.13.201.138	/ 
10/Apr/2019:04:42:55 +0000	208.87.233.140	/ 
10/Apr/2019:04:58:14 +0000	18.237.5.32	/ 
10/Apr/2019:04:58:16 +0000	34.219.212.142	/ 
10/Apr/2019:05:27:27 +0000	35.164.98.134	/ 
10/Apr/2019:07:29:31 +0000	54.200.223.203	/ 
11/Apr/2019:01:25:25 +0000	37.204.75.202	/ 
11/Apr/2019:04:03:47 +0000	204.13.201.137	/ 
11/Apr/2019:04:04:39 +0000	85.115.52.140	/ 
11/Apr/2019:05:05:42 +0000	54.202.225.77	/ 
11/Apr/2019:07:13:55 +0000	54.200.223.203	/ 
11/Apr/2019:09:41:16 +0000	108.62.3.45	/ 
11/Apr/2019:22:34:01 +0000	115.78.14.91	/ 
12/Apr/2019:03:53:05 +0000	204.13.201.137	/ 
12/Apr/2019:03:53:05 +0000	208.87.233.140	/ 
12/Apr/2019:04:56:04 +0000	34.214.188.65	/ 
12/Apr/2019:04:56:17 +0000	34.208.235.9	/ 
12/Apr/2019:07:27:46 +0000	54.200.223.203	/ 
12/Apr/2019:14:45:26 +0000	204.13.201.138	/blog/ 
12/Apr/2019:14:45:28 +0000	35.187.132.106	/blog/ 
12/Apr/2019:14:45:28 +0000	35.187.132.106	/IRS/ 
12/Apr/2019:14:45:29 +0000	185.220.101.69	/blog/ 
12/Apr/2019:14:45:29 +0000	204.13.201.139	/IRS/ 
12/Apr/2019:14:52:26 +0000	81.174.182.167	/IRS/ 
12/Apr/2019:14:52:26 +0000	196.52.84.43	/IRS/ 
12/Apr/2019:14:52:26 +0000	194.187.249.58	/IRS/ 
12/Apr/2019:14:52:26 +0000	142.93.74.68	/IRS/ 
12/Apr/2019:14:52:31 +0000	196.251.250.234	/IRS/ 
12/Apr/2019:15:48:10 +0000	54.149.93.58	/blog/ 
12/Apr/2019:15:48:10 +0000	54.149.93.58	/IRS/ 
12/Apr/2019:15:48:22 +0000	54.202.149.41	/IRS/ 
12/Apr/2019:15:48:23 +0000	54.202.149.41	/blog/ 
12/Apr/2019:15:50:04 +0000	188.166.98.249	/IRS/ 
12/Apr/2019:15:50:04 +0000	188.166.98.249	/IRS/ 
12/Apr/2019:15:50:05 +0000	188.166.98.249	/blog/ 
12/Apr/2019:15:50:05 +0000	188.166.98.249	/blog/ 
12/Apr/2019:15:50:06 +0000	188.166.98.249	/blog/ 
12/Apr/2019:15:50:09 +0000	188.166.98.249	/IRS/ 
12/Apr/2019:16:01:46 +0000	85.115.52.140	/blog 
12/Apr/2019:16:01:51 +0000	85.115.52.140	/blog/ 
12/Apr/2019:16:01:55 +0000	85.115.52.140	/blog/js/contact_me.js 
12/Apr/2019:16:01:55 +0000	85.115.52.140	/blog/js/clean-blog.min.js 
12/Apr/2019:16:01:55 +0000	85.115.52.140	/blog/js/jqBootstrapValidation.js 
12/Apr/2019:16:01:55 +0000	85.115.52.140	/blog/vendor/jquery/jquery.min.js 
12/Apr/2019:16:01:56 +0000	85.115.52.140	/blog/vendor/bootstrap/js/bootstrap.min.js 
12/Apr/2019:16:01:57 +0000	85.115.52.140	/blog/vendor/font-awesome/css/font-awesome.min.css 
13/Apr/2019:03:51:52 +0000	204.13.201.139	/ 
13/Apr/2019:04:53:58 +0000	34.214.188.65	/ 
13/Apr/2019:05:12:43 +0000	99.230.202.100	/blog/ 
13/Apr/2019:05:51:19 +0000	164.132.181.239	/ 
13/Apr/2019:06:55:33 +0000	54.200.223.203	/ 
13/Apr/2019:12:28:12 +0000	185.19.20.233	/ 
14/Apr/2019:00:19:42 +0000	65.52.198.133	/ 
14/Apr/2019:00:23:49 +0000	65.52.198.133	/ 
14/Apr/2019:03:51:08 +0000	204.13.201.139	/ 
14/Apr/2019:03:57:33 +0000	85.115.52.140	/ 
14/Apr/2019:04:54:11 +0000	34.220.151.96	/ 
14/Apr/2019:07:02:07 +0000	54.200.223.203	/ 
15/Apr/2019:02:25:38 +0000	34.209.182.200	/IRS 
15/Apr/2019:02:25:38 +0000	34.209.182.200	/IRS/ 
15/Apr/2019:02:25:38 +0000	35.155.148.50	/IRS 
15/Apr/2019:02:25:38 +0000	35.155.148.50	/IRS/ 
15/Apr/2019:02:37:18 +0000	35.162.55.4	/IRS 
15/Apr/2019:02:37:18 +0000	35.162.55.4	/IRS 
15/Apr/2019:02:37:18 +0000	35.162.55.4	/IRS/ 
15/Apr/2019:02:37:19 +0000	35.162.55.4	/IRS/ 
15/Apr/2019:03:51:45 +0000	204.13.201.138	/ 
15/Apr/2019:03:52:46 +0000	52.59.102.42	/ 
15/Apr/2019:04:54:26 +0000	34.208.235.9	/ 
15/Apr/2019:04:54:38 +0000	34.220.151.96	/ 
15/Apr/2019:07:26:10 +0000	54.200.223.203	/ 
15/Apr/2019:14:07:26 +0000	35.187.132.102	/blog/ 
15/Apr/2019:14:07:26 +0000	35.187.132.106	/IRS/ 
15/Apr/2019:14:07:26 +0000	204.13.201.138	/IRS/ 
15/Apr/2019:14:07:27 +0000	204.13.201.139	/blog/ 
15/Apr/2019:14:07:27 +0000	204.13.201.139	/blog/css/clean-blog.min.css 
15/Apr/2019:14:07:27 +0000	204.13.201.139	/blog/vendor/bootstrap/css/bootstrap.min.css 
15/Apr/2019:14:07:28 +0000	204.13.201.139	/blog/vendor/bootstrap/js/bootstrap.min.js 
15/Apr/2019:14:07:29 +0000	204.13.201.139	/blog/js/clean-blog.min.js 
15/Apr/2019:14:07:30 +0000	204.13.201.139	/blog/js/jqBootstrapValidation.js 
15/Apr/2019:14:07:30 +0000	204.13.201.139	/blog/vendor/font-awesome/css/font-awesome.min.css 
15/Apr/2019:14:07:30 +0000	204.13.201.139	/blog/js/contact_me.js 
15/Apr/2019:14:07:31 +0000	204.13.201.139	/blog/vendor/jquery/jquery.min.js 
15/Apr/2019:15:09:35 +0000	34.219.36.191	/blog/ 
15/Apr/2019:15:09:36 +0000	34.219.36.191	/IRS/ 
15/Apr/2019:15:09:47 +0000	52.12.211.199	/blog/ 
15/Apr/2019:15:09:47 +0000	52.12.211.199	/IRS/ 
15/Apr/2019:15:12:09 +0000	188.166.98.249	/blog/ 
15/Apr/2019:15:12:09 +0000	188.166.98.249	/blog/ 
15/Apr/2019:15:12:10 +0000	188.166.98.249	/IRS/ 
15/Apr/2019:15:12:10 +0000	188.166.98.249	/IRS/ 
15/Apr/2019:15:12:10 +0000	188.166.98.249	/IRS/ 
15/Apr/2019:15:12:10 +0000	188.166.98.249	/blog/ 
15/Apr/2019:16:19:14 +0000	85.115.52.140	/IRS 
15/Apr/2019:16:19:26 +0000	85.115.52.140	/blog 
15/Apr/2019:16:19:29 +0000	85.115.52.140	/IRS/ 
15/Apr/2019:16:19:30 +0000	85.115.52.140	/blog/ 
15/Apr/2019:16:19:32 +0000	85.115.52.140	/blog/vendor/jquery/jquery.min.js 
15/Apr/2019:16:19:33 +0000	85.115.52.140	/blog/js/contact_me.js 
15/Apr/2019:16:19:33 +0000	85.115.52.140	/blog/js/clean-blog.min.js 
15/Apr/2019:16:19:33 +0000	85.115.52.140	/blog/js/jqBootstrapValidation.js 
15/Apr/2019:16:19:33 +0000	85.115.52.140	/blog/vendor/font-awesome/css/font-awesome.min.css 
15/Apr/2019:16:19:33 +0000	85.115.52.140	/blog/vendor/bootstrap/js/bootstrap.min.js 
15/Apr/2019:17:37:26 +0000	108.62.177.163	/IRS/ 
15/Apr/2019:17:37:27 +0000	108.62.177.163	/favicon.ico 
15/Apr/2019:20:15:22 +0000	208.80.194.42	/ 
16/Apr/2019:03:51:53 +0000	204.13.201.137	/ 
16/Apr/2019:03:51:53 +0000	208.87.233.140	/ 
16/Apr/2019:04:53:50 +0000	34.222.219.169	/ 
16/Apr/2019:04:53:58 +0000	54.186.178.251	/ 
16/Apr/2019:07:15:20 +0000	54.200.223.203	/ 
16/Apr/2019:08:42:33 +0000	103.74.123.18	/wp-login.php 
16/Apr/2019:15:12:51 +0000	157.55.162.202	/ 
16/Apr/2019:21:25:26 +0000	66.249.66.82	/robots.txt 
16/Apr/2019:21:25:26 +0000	66.249.66.81	/ 
17/Apr/2019:03:49:55 +0000	204.13.201.137	/ 
17/Apr/2019:03:49:55 +0000	85.115.52.140	/ 
17/Apr/2019:04:51:25 +0000	18.236.220.237	/ 
17/Apr/2019:04:51:39 +0000	35.161.123.31	/ 
17/Apr/2019:06:59:29 +0000	54.200.223.203	/ 
17/Apr/2019:16:30:18 +0000	54.36.150.124	/robots.txt 
17/Apr/2019:17:35:25 +0000	178.128.170.60	/ 
18/Apr/2019:04:50:07 +0000	34.219.36.191	/ 
18/Apr/2019:07:08:33 +0000	54.200.223.203	/ 
18/Apr/2019:22:59:01 +0000	157.55.166.89	/ 
19/Apr/2019:02:20:01 +0000	117.123.231.239	/IRS 
19/Apr/2019:02:20:02 +0000	117.123.231.239	/IRS 
19/Apr/2019:02:20:13 +0000	117.123.231.239	/IRS/ 
19/Apr/2019:02:20:13 +0000	117.123.231.239	/IRS/ 
19/Apr/2019:02:20:53 +0000	117.123.231.239	/IRS 
19/Apr/2019:02:20:54 +0000	117.123.231.239	/IRS/ 
19/Apr/2019:02:32:30 +0000	107.178.194.233	/blog/ 
19/Apr/2019:02:32:30 +0000	204.13.201.139	/blog/ 
19/Apr/2019:02:32:30 +0000	107.178.194.233	/IRS/ 
19/Apr/2019:02:32:30 +0000	204.13.201.139	/blog/css/clean-blog.min.css 
19/Apr/2019:02:32:30 +0000	204.13.201.139	/blog/js/clean-blog.min.js 
19/Apr/2019:02:32:30 +0000	204.13.201.139	/blog/vendor/bootstrap/css/bootstrap.min.css 
19/Apr/2019:02:32:30 +0000	204.13.201.139	/blog/vendor/font-awesome/css/font-awesome.min.css 
19/Apr/2019:02:32:30 +0000	204.13.201.139	/blog/js/jqBootstrapValidation.js 
19/Apr/2019:02:32:30 +0000	204.13.201.139	/blog/vendor/jquery/jquery.min.js 
19/Apr/2019:02:32:30 +0000	204.13.201.139	/blog/js/contact_me.js 
19/Apr/2019:02:32:31 +0000	204.13.201.139	/blog/vendor/bootstrap/js/bootstrap.min.js 
19/Apr/2019:02:32:32 +0000	204.13.201.138	/IRS/ 
19/Apr/2019:02:32:32 +0000	85.115.52.140	/IRS 
19/Apr/2019:02:32:37 +0000	85.115.52.140	/IRS/ 
19/Apr/2019:02:33:59 +0000	52.59.102.42	/IRS/ 
19/Apr/2019:03:34:51 +0000	34.214.188.65	/IRS/ 
19/Apr/2019:03:35:14 +0000	54.212.225.119	/IRS/ 
19/Apr/2019:03:35:19 +0000	34.219.36.191	/blog/ 
19/Apr/2019:03:37:04 +0000	188.166.98.249	/blog/ 
19/Apr/2019:03:37:05 +0000	188.166.98.249	/IRS/ 
19/Apr/2019:03:37:05 +0000	188.166.98.249	/blog/ 
19/Apr/2019:03:37:05 +0000	188.166.98.249	/IRS/ 
19/Apr/2019:03:37:05 +0000	188.166.98.249	/IRS/ 
19/Apr/2019:03:37:05 +0000	188.166.98.249	/blog/ 
19/Apr/2019:03:37:26 +0000	18.237.236.136	/blog/ 
19/Apr/2019:03:47:27 +0000	85.115.52.140	/ 
19/Apr/2019:04:50:15 +0000	35.166.46.71	/ 
19/Apr/2019:04:50:22 +0000	18.236.220.237	/ 
19/Apr/2019:05:23:52 +0000	208.87.233.140	/ 
19/Apr/2019:06:47:09 +0000	54.200.223.203	/ 
19/Apr/2019:08:48:36 +0000	208.87.233.140	/blog 
19/Apr/2019:08:48:40 +0000	208.87.233.140	/blog/ 
19/Apr/2019:08:48:59 +0000	208.87.233.140	/blog/vendor/font-awesome/css/font-awesome.min.css 
19/Apr/2019:08:48:59 +0000	208.87.233.140	/blog/js/contact_me.js 
19/Apr/2019:08:48:59 +0000	208.87.233.140	/blog/js/clean-blog.min.js 
19/Apr/2019:08:48:59 +0000	208.87.233.140	/blog/vendor/bootstrap/js/bootstrap.min.js 
19/Apr/2019:08:48:59 +0000	208.87.233.140	/blog/js/jqBootstrapValidation.js 
19/Apr/2019:08:48:59 +0000	208.87.233.140	/blog/vendor/jquery/jquery.min.js 
19/Apr/2019:02:32:30 +0000	107.178.194.233	/blog/ 
19/Apr/2019:02:32:30 +0000	204.13.201.139	/blog/ 
19/Apr/2019:02:32:30 +0000	107.178.194.233	/IRS/ 
19/Apr/2019:02:32:30 +0000	204.13.201.139	/blog/css/clean-blog.min.css 
19/Apr/2019:02:32:30 +0000	204.13.201.139	/blog/js/clean-blog.min.js 
19/Apr/2019:02:32:30 +0000	204.13.201.139	/blog/vendor/bootstrap/css/bootstrap.min.css 
19/Apr/2019:02:32:30 +0000	204.13.201.139	/blog/vendor/font-awesome/css/font-awesome.min.css 
19/Apr/2019:02:32:30 +0000	204.13.201.139	/blog/js/jqBootstrapValidation.js 
19/Apr/2019:02:32:30 +0000	204.13.201.139	/blog/vendor/jquery/jquery.min.js 
19/Apr/2019:02:32:30 +0000	204.13.201.139	/blog/js/contact_me.js 
19/Apr/2019:02:32:31 +0000	204.13.201.139	/blog/vendor/bootstrap/js/bootstrap.min.js 
19/Apr/2019:02:32:32 +0000	204.13.201.138	/IRS/ 
19/Apr/2019:02:32:32 +0000	85.115.52.140	/IRS 
19/Apr/2019:02:32:37 +0000	85.115.52.140	/IRS/ 
19/Apr/2019:02:33:59 +0000	52.59.102.42	/IRS/ 
19/Apr/2019:03:34:51 +0000	34.214.188.65	/IRS/ 
19/Apr/2019:03:35:14 +0000	54.212.225.119	/IRS/ 
19/Apr/2019:03:35:19 +0000	34.219.36.191	/blog/ 
19/Apr/2019:03:37:04 +0000	188.166.98.249	/blog/ 
19/Apr/2019:03:37:05 +0000	188.166.98.249	/IRS/ 
19/Apr/2019:03:37:05 +0000	188.166.98.249	/blog/ 
19/Apr/2019:03:37:05 +0000	188.166.98.249	/IRS/ 
19/Apr/2019:03:37:05 +0000	188.166.98.249	/IRS/ 
19/Apr/2019:03:37:05 +0000	188.166.98.249	/blog/ 
19/Apr/2019:03:37:26 +0000	18.237.236.136	/blog/ 
19/Apr/2019:03:47:27 +0000	85.115.52.140	/ 
19/Apr/2019:04:50:15 +0000	35.166.46.71	/ 
19/Apr/2019:04:50:22 +0000	18.236.220.237	/ 
19/Apr/2019:05:23:52 +0000	208.87.233.140	/ 
19/Apr/2019:06:47:09 +0000	54.200.223.203	/ 
19/Apr/2019:08:48:36 +0000	208.87.233.140	/blog 
19/Apr/2019:08:48:40 +0000	208.87.233.140	/blog/ 
19/Apr/2019:08:48:59 +0000	208.87.233.140	/blog/vendor/font-awesome/css/font-awesome.min.css 
19/Apr/2019:08:48:59 +0000	208.87.233.140	/blog/js/contact_me.js 
19/Apr/2019:08:48:59 +0000	208.87.233.140	/blog/js/clean-blog.min.js 
19/Apr/2019:08:48:59 +0000	208.87.233.140	/blog/vendor/bootstrap/js/bootstrap.min.js 
19/Apr/2019:08:48:59 +0000	208.87.233.140	/blog/js/jqBootstrapValidation.js 
19/Apr/2019:08:48:59 +0000	208.87.233.140	/blog/vendor/jquery/jquery.min.js 
19/Apr/2019:21:25:26 +0000	66.249.69.38	/robots.txt 
19/Apr/2019:21:25:27 +0000	66.249.69.38	/ 
20/Apr/2019:03:47:21 +0000	204.13.201.137	/ 
20/Apr/2019:03:56:44 +0000	23.129.64.162	/ 
20/Apr/2019:04:50:20 +0000	54.202.225.77	/ 
20/Apr/2019:04:50:35 +0000	54.202.149.41	/ 
20/Apr/2019:06:20:51 +0000	54.190.90.248	/ 
20/Apr/2019:06:40:32 +0000	54.200.223.203	/ 
21/Apr/2019:02:48:02 +0000	206.253.224.14	/robots.txt 
21/Apr/2019:02:48:03 +0000	206.253.224.14	/ 
21/Apr/2019:03:43:37 +0000	208.87.233.140	/ 
21/Apr/2019:04:45:46 +0000	34.220.48.216	/ 
21/Apr/2019:05:52:43 +0000	54.218.117.173	/ 
21/Apr/2019:07:10:19 +0000	54.200.223.203	/ 
21/Apr/2019:13:52:46 +0000	95.220.215.173	/ 
21/Apr/2019:14:47:16 +0000	46.160.110.146	/ 
21/Apr/2019:20:23:12 +0000	52.162.33.82	/ 
21/Apr/2019:23:12:25 +0000	107.178.194.233	/blog/ 
21/Apr/2019:23:12:26 +0000	204.13.201.139	/blog/ 
21/Apr/2019:23:12:26 +0000	85.115.52.140	/blog 
21/Apr/2019:23:12:26 +0000	85.115.52.140	/blog/ 
21/Apr/2019:23:12:27 +0000	204.13.201.139	/IRS/ 
21/Apr/2019:23:12:27 +0000	107.178.194.231	/IRS/ 
21/Apr/2019:23:12:27 +0000	85.115.52.140	/blog/vendor/jquery/jquery.min.js 
21/Apr/2019:23:12:27 +0000	85.115.52.140	/IRS 
21/Apr/2019:23:12:27 +0000	85.115.52.140	/IRS/ 
21/Apr/2019:23:12:27 +0000	85.115.52.140	/blog/js/clean-blog.min.js 
21/Apr/2019:23:12:28 +0000	85.115.52.140	/blog/js/contact_me.js 
21/Apr/2019:23:12:28 +0000	85.115.52.140	/blog/js/jqBootstrapValidation.js 
21/Apr/2019:23:12:28 +0000	85.115.52.140	/blog/vendor/font-awesome/css/font-awesome.min.css 
21/Apr/2019:23:12:28 +0000	85.115.52.140	/blog/vendor/bootstrap/js/bootstrap.min.js 
21/Apr/2019:23:13:52 +0000	52.59.102.42	/blog/ 
22/Apr/2019:00:14:31 +0000	34.220.48.216	/blog/ 
22/Apr/2019:00:14:31 +0000	34.220.48.216	/IRS/ 
22/Apr/2019:00:17:07 +0000	188.166.98.249	/IRS/ 
22/Apr/2019:00:17:07 +0000	188.166.98.249	/blog/ 
22/Apr/2019:00:17:07 +0000	188.166.98.249	/IRS/ 
22/Apr/2019:00:17:08 +0000	188.166.98.249	/blog/ 
22/Apr/2019:00:17:08 +0000	188.166.98.249	/IRS/ 
22/Apr/2019:00:17:08 +0000	188.166.98.249	/blog/ 
22/Apr/2019:00:17:22 +0000	54.202.149.41	/blog/ 
22/Apr/2019:00:17:23 +0000	54.202.149.41	/IRS/ 
22/Apr/2019:03:24:56 +0000	128.72.24.255	/ 
22/Apr/2019:03:42:22 +0000	85.115.52.140	/ 
22/Apr/2019:04:44:38 +0000	54.201.200.187	/ 
22/Apr/2019:04:44:51 +0000	54.212.225.119	/ 
22/Apr/2019:06:32:34 +0000	54.200.223.203	/ 
22/Apr/2019:21:25:28 +0000	66.249.66.82	/robots.txt 
22/Apr/2019:21:25:28 +0000	66.249.66.81	/ 
22/Apr/2019:22:45:37 +0000	208.80.194.41	/ 
23/Apr/2019:03:54:06 +0000	204.13.201.139	/ 
23/Apr/2019:04:50:07 +0000	35.162.249.61	/ 
23/Apr/2019:05:03:25 +0000	54.186.178.251	/ 
23/Apr/2019:06:43:17 +0000	54.200.223.203	/ 
24/Apr/2019:04:45:41 +0000	54.212.38.124	/ 
24/Apr/2019:04:45:57 +0000	54.184.173.198	/ 
24/Apr/2019:06:34:01 +0000	34.222.48.243	/ 
24/Apr/2019:06:45:08 +0000	54.36.148.152	/robots.txt 
24/Apr/2019:06:45:09 +0000	54.36.148.43	/ 
24/Apr/2019:07:02:22 +0000	54.200.223.203	/ 
24/Apr/2019:09:33:23 +0000	92.222.112.115	/wp-login.php 
24/Apr/2019:10:18:28 +0000	52.240.136.189	/IRS/ 
24/Apr/2019:13:35:06 +0000	65.52.237.120	/ 
24/Apr/2019:19:16:38 +0000	95.220.209.64	/IRS/ 
25/Apr/2019:04:40:08 +0000	54.184.85.28	/ 
25/Apr/2019:06:39:41 +0000	54.200.223.203	/ 
25/Apr/2019:07:42:03 +0000	34.213.38.123	/ 
25/Apr/2019:21:25:29 +0000	66.249.64.136	/robots.txt 
25/Apr/2019:21:25:29 +0000	66.249.64.134	/ 
